date,code,open,high,low,close,preclose,volume,amount,adjustflag,turn,tradestatus,pctChg,pbMRQ,peTTM,psTTM,pcfNcfTTM,isST,p_change
2018-07-09,sh.603706,18.8500,18.8500,18.8500,18.8500,13.0900,35300,665405.0000,3,0.088250,1,44.003060,5.652609,25.709616,7.297053,39.448214,0,
2018-07-10,sh.603706,20.7400,20.7400,20.7400,20.7400,18.8500,20122,417330.0000,3,0.050305,1,10.026520,6.219369,28.287397,8.028693,43.403499,0,10.026525198938984
2018-07-11,sh.603706,22.8100,22.8100,22.8100,22.8100,20.7400,59343,1353614.0000,3,0.148358,1,9.980712,6.840107,31.110681,8.830014,47.735478,0,9.980713596914171
2018-07-12,sh.603706,25.0900,25.0900,25.0900,25.0900,22.8100,69695,1748648.0000,3,0.174237,1,9.995619,7.523818,34.220385,9.712629,52.506933,0,9.995615957913206
2018-07-13,sh.603706,27.6000,27.6000,27.6000,27.6000,25.0900,129609,3577208.0000,3,0.324022,1,10.003990,8.276499,37.643788,10.684279,57.759719,0,10.003985651654057
2018-07-16,sh.603706,30.3600,30.3600,30.3600,30.3600,27.6000,198019,6011857.0000,3,0.495048,1,10.000000,9.104149,41.408166,11.752707,63.535690,0,9.999999999999986
2018-07-17,sh.603706,33.4000,33.4000,33.4000,33.4000,30.3600,302949,10118497.0000,3,0.757373,1,10.013180,10.015764,45.554439,12.929526,69.897630,0,10.013175230566528
2018-07-18,sh.603706,36.7400,36.7400,36.7400,36.7400,33.4000,190377,6994451.0000,3,0.475943,1,10.000000,11.017340,50.109882,14.222478,76.887393,0,10.000000000000009
2018-07-19,sh.603706,40.4100,40.4100,40.4100,40.4100,36.7400,277430,11210946.0000,3,0.693575,1,9.989107,12.117874,55.115415,15.643178,84.567762,0,9.989112683723445
2018-07-20,sh.603706,44.4500,44.4500,44.4500,44.4500,40.4100,2973750,132183188.0000,3,7.434375,1,9.997527,13.329362,60.625593,17.207108,93.022445,0,9.997525365008686
2018-07-23,sh.603706,45.9900,48.9000,45.0000,48.9000,44.4500,21162181,997643383.0000,3,52.905453,1,10.011250,14.663798,66.694971,18.929755,102.335153,0,10.011248593925748
2018-07-24,sh.603706,51.0000,53.7900,48.2000,52.0300,48.9000,32026901,1634935811.0000,3,80.067252,1,6.400813,15.602401,70.963995,20.141414,108.885440,0,6.400817995910035
2018-07-25,sh.603706,50.2200,53.6000,49.6000,50.9900,52.0300,25771546,1322560011.0000,3,64.428865,1,-1.998841,15.290532,69.545534,19.738818,106.708987,0,-1.9988468191427966
2018-07-26,sh.603706,49.7000,53.0000,47.0900,52.8000,50.9900,24765616,1236130757.0000,3,61.914040,1,3.549711,15.833303,72.014202,20.439490,110.496853,0,3.5497156305157818
2018-07-27,sh.603706,51.3500,52.5000,47.5200,47.5200,52.8000,19301808,960291453.0000,3,48.254520,1,-9.999998,14.249973,64.812782,18.395541,99.447168,0,-9.999999999999986
2018-07-30,sh.603706,46.2000,48.9300,45.2000,48.0400,47.5200,16196842,761586025.0000,3,40.492105,1,1.094277,14.405907,65.522013,18.596839,100.535394,0,1.094276094276081
2018-07-31,sh.603706,47.5000,48.9800,45.5000,47.7900,48.0400,15169723,721925198.0000,3,37.924307,1,-0.520400,14.330938,65.181036,18.500061,100.012208,0,-0.5203996669442157
2018-08-01,sh.603706,47.5000,52.5700,47.1100,52.5700,47.7900,13926542,705041980.0000,3,34.816355,1,10.002090,15.764332,71.700504,20.350454,110.015522,0,10.002092487968195
2018-08-02,sh.603706,55.0000,57.8300,48.0200,48.2300,52.5700,27337947,1450802979.0000,3,68.344867,1,-8.255660,14.462883,65.781155,18.670390,100.933015,0,-8.255659121171776
2018-08-03,sh.603706,46.5600,47.0000,43.4100,43.4300,48.2300,19959860,898494691.0000,3,49.899650,1,-9.952311,13.023491,59.234409,16.812254,90.887847,0,-9.952311839104288
2018-08-06,sh.603706,41.5900,42.9600,40.5900,42.1100,43.4300,14449641,607485740.0000,3,36.124102,1,-3.039373,12.627659,57.434054,16.301267,88.125426,0,-3.0393737048123426
2018-08-07,sh.603706,43.3500,45.9900,42.5500,44.6800,42.1100,17497647,775207707.0000,3,43.744118,1,6.103063,13.398333,60.939291,17.296144,93.503776,0,6.103063405366904
2018-08-08,sh.603706,43.5000,48.5000,43.0000,45.1300,44.6800,21822125,996438694.0000,3,54.555312,1,1.007164,13.533276,61.553048,17.470344,94.445511,0,1.0071620411817417
2018-08-09,sh.603706,41.3500,46.8200,40.8800,45.9500,45.1300,18233457,792501549.0000,3,45.583642,1,1.816972,13.779172,62.671451,17.787776,96.161560,0,1.8169731885663731
2018-08-10,sh.603706,47.0000,49.8800,46.5000,47.9000,45.9500,20218884,973029451.0000,3,50.547210,1,4.243745,14.363924,65.331066,18.542643,100.242410,0,4.243743199129479
2018-08-13,sh.603706,44.2100,49.8000,44.0500,49.2100,47.9000,18132673,848742535.0000,3,45.331682,1,2.734859,14.756758,67.117782,19.049759,102.983904,0,2.734864300626305
2018-08-14,sh.603706,48.3300,54.1300,47.5800,54.1300,49.2100,17010250,887676382.0000,3,42.525625,1,9.997972,16.232134,73.828196,20.954348,113.280202,0,9.997967892704729
2018-08-15,sh.603706,56.0000,57.4500,48.7200,48.7200,54.1300,26530330,1344818960.0000,3,66.325825,1,-9.994457,14.609820,66.449468,18.860075,101.958460,0,-9.99445778680954
2018-08-16,sh.603706,46.1200,48.5900,43.9000,44.2300,48.7200,16690413,771350229.0000,3,41.726033,1,-9.215931,13.263390,60.325533,17.121944,92.562042,0,-9.215927750410513
2018-08-17,sh.603706,45.1000,45.3000,42.2900,42.9100,44.2300,13870740,609647758.0000,3,34.676850,1,-2.984399,12.867557,58.525178,16.610956,89.799620,0,-2.984399728690934
2018-08-20,sh.603706,42.3500,44.0000,41.0000,43.9900,42.9100,11496002,488658810.0000,3,28.740005,1,2.516900,13.191420,59.998196,17.029037,92.059783,0,2.5168958284782272
2018-08-21,sh.603706,43.5000,44.4800,42.6000,43.7600,43.9900,10736358,466214139.0000,3,26.840895,1,-0.522854,13.122450,59.684498,16.940001,91.578452,0,-0.522846101386687
2018-08-22,sh.603706,43.9000,45.8000,41.5800,41.7500,43.7600,15786984,703594470.0000,3,39.467460,1,-4.593232,12.519704,56.943048,16.161907,87.372038,0,-4.5932358318098725
2018-08-23,sh.603706,40.6800,43.1800,40.6800,42.5100,41.7500,12197889,513711220.0000,3,30.494722,1,1.820355,12.747608,57.979616,16.456112,88.962523,0,1.8203592814371117
2018-08-24,sh.603706,42.7500,43.3000,40.5000,40.8300,42.5100,11277093,469764615.0000,3,28.192733,1,-3.952003,12.243821,55.688255,15.805764,85.446714,0,-3.952011291460833
2018-08-27,sh.603706,40.5100,41.6300,39.3700,41.3200,40.8300,11184217,454144939.0000,3,27.960543,1,1.200093,12.390759,56.356569,15.995449,86.472158,0,1.2000979671809908
2018-08-28,sh.603706,41.0000,41.3500,39.8800,40.0800,41.3200,9387425,380498297.0000,3,23.468563,1,-3.000963,12.018916,54.665326,15.515431,83.877156,0,-3.0009680542110395
2018-08-29,sh.603706,40.1200,40.5800,38.4000,38.7200,40.0800,9625376,379773931.0000,3,24.063440,1,-3.393215,11.611089,52.810415,14.988959,81.031025,0,-3.3932135728542923
2018-08-30,sh.603706,38.5000,39.1800,36.5900,37.4200,38.7200,10388539,392758226.0000,3,25.971348,1,-3.357446,11.221254,51.037338,14.485714,78.310459,0,-3.357438016528913
2018-08-31,sh.603706,37.0000,38.2000,36.6300,36.8800,37.4200,8126774,303653914.0000,3,20.316935,1,-1.443071,10.114185,61.488892,14.689465,535.166272,0,-1.4430785676109004
2018-09-03,sh.603706,37.0000,37.1000,34.1000,36.0000,36.8800,8987626,319715028.0000,3,22.469065,1,-2.386120,9.872849,60.021695,14.338957,522.396578,0,-2.386117136659438
2018-09-04,sh.603706,35.6800,37.3300,35.1000,37.1000,36.0000,9638587,351876001.0000,3,24.096467,1,3.055551,10.174519,61.855692,14.777092,538.358696,0,3.055555555555567
2018-09-05,sh.603706,37.0000,38.3800,36.3500,37.1500,37.1000,10895633,406900926.0000,3,27.239083,1,0.134779,10.188231,61.939055,14.797007,539.084247,0,0.13477088948785632
2018-09-06,sh.603706,39.5000,40.7000,37.5400,37.5600,37.1500,12535596,485003360.0000,3,31.338990,1,1.103633,10.300672,62.622636,14.960312,545.033763,0,1.103633916554525
2018-09-07,sh.603706,36.6600,38.2500,35.2000,37.8500,37.5600,11185733,412509202.0000,3,27.964333,1,0.772090,10.380203,63.106144,15.075820,549.241958,0,0.7720979765708069
2018-09-10,sh.603706,37.7500,41.6400,37.2000,41.6400,37.8500,14320598,573713712.0000,3,35.801495,1,10.013210,11.419595,69.425094,16.585394,604.238709,0,10.013210039630117
2018-09-11,sh.603706,41.6400,41.6400,38.5000,39.1900,41.6400,16882985,669015414.0000,3,42.207462,1,-5.883768,10.747693,65.340285,15.609548,568.686720,0,-5.883765609990399
2018-09-12,sh.603706,39.0000,39.8400,37.4000,37.8400,39.1900,11063072,425719914.0000,3,27.657680,1,-3.444752,10.377461,63.089471,15.071837,549.096848,0,-3.4447563153865657
2018-09-13,sh.603706,37.9900,39.5800,37.7600,39.4700,37.8400,14196531,552967183.0000,3,35.491327,1,4.307614,10.824481,65.807120,15.721073,572.749804,0,4.307610993657485
2018-09-14,sh.603706,38.5200,39.2000,35.5200,35.5600,39.4700,14031041,526469288.0000,3,35.077602,1,-9.906257,9.752180,59.288097,14.163703,516.011731,0,-9.906257917405615
2018-09-17,sh.603706,34.1900,36.0900,33.0100,35.5600,35.5600,9130817,314350625.0000,3,22.827043,1,0.000000,9.752180,59.288097,14.163703,516.011731,0,0.0
2018-09-18,sh.603706,34.8000,35.5000,34.2100,35.1400,35.5600,7437209,259890902.0000,3,18.593023,1,-1.181108,9.636997,58.587844,13.996415,509.917105,0,-1.1811023622047334
2018-09-19,sh.603706,35.4100,36.3500,35.0900,35.2600,35.1400,9042229,323327206.0000,3,22.605573,1,0.341488,9.669907,58.787916,14.044212,511.658426,0,0.34149117814454844
2018-09-20,sh.603706,34.2500,34.7700,33.8000,33.9600,35.2600,7845965,268364557.0000,3,19.614912,1,-3.686895,9.313387,56.620466,13.526416,492.794106,0,-3.6868973340896116
2018-09-21,sh.603706,34.1300,34.2100,32.2500,32.8800,33.9600,7646310,252295214.0000,3,19.115775,1,-3.180206,9.017202,54.819815,13.096247,477.122208,0,-3.180212014134276
2018-09-25,sh.603706,33.3100,33.5800,32.8000,32.9400,32.8800,4704010,156067119.0000,3,11.760025,1,0.182474,9.033656,54.919851,13.120146,477.992869,0,0.18248175182480342
2018-09-26,sh.603706,32.9800,33.5500,32.7400,33.2900,32.9400,5691551,189121922.0000,3,14.228878,1,1.062545,9.129642,55.503396,13.259552,483.071725,0,1.0625379477838592
2018-09-27,sh.603706,33.4500,33.4700,31.0000,31.0600,33.2900,7554273,241686477.0000,3,18.885683,1,-6.698713,8.518074,51.785385,12.371333,450.712159,0,-6.69870832081706
2018-09-28,sh.603706,31.2100,31.7000,31.2100,31.5200,31.0600,4130159,129939581.0000,3,10.325397,1,1.481008,8.644227,52.552329,12.554553,457.387226,0,1.481004507405026
2018-10-08,sh.603706,30.8900,33.3300,30.5600,31.9200,31.5200,8869439,287203335.0000,3,22.173597,1,1.269034,8.753926,53.219237,12.713875,463.191633,0,1.2690355329949332
2018-10-09,sh.603706,32.3000,34.9800,31.0000,34.1500,31.9200,13590992,448986638.0000,3,33.977480,1,6.986220,9.365494,56.937247,13.602094,495.551199,0,6.986215538847107
2018-10-10,sh.603706,33.5800,35.2600,33.1800,34.4900,34.1500,13615581,465321428.0000,3,34.038953,1,0.995608,9.458737,57.504119,13.737517,500.484944,0,0.9956076134699954
2018-10-11,sh.603706,32.0900,34.8900,31.5000,33.0000,34.4900,10161228,336918307.0000,3,25.403070,1,-4.320097,9.050111,55.019887,13.144044,478.863530,0,-4.320092780516093
2018-10-12,sh.603706,32.6800,36.0200,32.0000,34.7500,33.0000,13727729,471392678.0000,3,34.319322,1,5.303030,9.530041,57.937609,13.841077,504.257808,0,5.303030303030298
2018-10-15,sh.603706,35.0000,35.7000,33.6200,35.3500,34.7500,12537828,436639587.0000,3,31.344570,1,1.726614,9.694589,58.937970,14.080059,512.964418,0,1.726618705035965
2018-10-16,sh.603706,35.0000,37.2500,34.0500,36.2200,35.3500,15040212,537984688.0000,3,37.600530,1,2.461111,9.933183,60.388495,14.426584,525.589002,0,2.4611032531824506
2018-10-17,sh.603706,35.7000,36.4000,34.1700,34.4800,36.2200,11083071,389737714.0000,3,27.707677,1,-4.803980,9.455995,57.487446,13.733534,500.339834,0,-4.803975704030927
2018-10-18,sh.603706,33.4700,33.5000,31.0300,31.0300,34.4800,10152463,324738639.0000,3,25.381158,1,-10.005800,8.509847,51.735367,12.359384,450.276829,0,-10.005800464037106
2018-10-19,sh.603706,28.8900,30.0800,28.2500,29.8700,31.0300,7697374,225155269.0000,3,19.243435,1,-3.738317,8.191722,49.801335,11.897351,433.444050,0,-3.738317757009346
2018-10-22,sh.603706,29.7000,31.6600,29.5100,31.0600,29.8700,8189062,251742053.0000,3,20.472655,1,3.983926,8.518074,51.785385,12.371333,450.712159,0,3.983930364914623
2018-10-23,sh.603706,30.7000,31.3400,30.0300,30.0300,31.0600,6599798,203247408.0000,3,16.499495,1,-3.316159,8.235601,50.068098,11.961080,435.765812,0,-3.316162266580802
2018-10-24,sh.603706,30.0400,30.4400,28.6800,29.1500,30.0300,5811626,170959398.0000,3,14.529065,1,-2.930407,7.994265,48.600901,11.610572,422.996118,0,-2.930402930402942
2018-10-25,sh.603706,27.4800,27.7800,26.8600,27.5800,29.1500,6248509,170497684.0000,3,15.621272,1,-5.385934,7.563699,45.983288,10.985234,400.213823,0,-5.385934819897087
2018-10-26,sh.603706,28.0600,28.3000,27.5000,27.6100,27.5800,4629760,129173514.0000,3,11.574400,1,0.108777,7.571926,46.033306,10.997183,400.649154,0,0.10877447425670095
2018-10-29,sh.603706,27.3900,27.9700,27.1000,27.7100,27.6100,3689936,102115644.0000,3,9.224840,1,0.362182,7.599351,46.200033,11.037014,402.100255,0,0.3621876131836288
2018-10-30,sh.603706,27.1800,27.5000,25.7000,27.0100,27.7100,5739576,152971869.0000,3,14.348940,1,-2.526160,4.012144,55.201660,10.813021,63.291170,0,-2.5261638397690356
2018-10-31,sh.603706,26.9800,29.7100,26.9500,29.7100,27.0100,7615310,216579372.0000,3,19.038275,1,9.996293,4.413210,60.719782,11.893923,69.617944,0,9.996297667530541
2018-11-01,sh.603706,29.9000,30.4500,28.9000,29.0200,29.7100,12093115,358192395.0000,3,30.232788,1,-2.322446,4.310715,59.309595,11.617693,68.001102,0,-2.322450353416361
2018-11-02,sh.603706,29.3000,29.9000,29.0000,29.6700,29.0200,9104311,268334612.0000,3,22.760777,1,2.239833,4.407268,60.638032,11.877910,69.524214,0,2.2398345968297706
2018-11-05,sh.603706,30.8100,31.1900,29.9000,31.0000,29.6700,13153073,402655823.0000,3,32.882683,1,4.482642,4.604830,63.356218,12.410354,72.640736,0,4.482642399730352
2018-11-06,sh.603706,30.0000,31.2000,29.2000,29.5500,31.0000,10485555,316144020.0000,3,26.213887,1,-4.677422,4.389443,60.392782,11.829870,69.243024,0,-4.677419354838708
2018-11-07,sh.603706,29.0000,29.6800,28.3600,29.1100,29.5500,7608833,220488288.0000,3,19.022082,1,-1.488997,4.324084,59.493533,11.653723,68.211994,0,-1.489001692047387
2018-11-08,sh.603706,29.1600,29.3300,27.9700,28.0000,29.1100,6109926,174856479.0000,3,15.274815,1,-3.813125,4.159202,57.224971,11.209352,65.610987,0,-3.813122638268629
2018-11-09,sh.603706,27.9300,28.5500,27.5600,28.2200,28.0000,4423700,124609741.0000,3,11.059250,1,0.785712,4.191881,57.674596,11.297425,66.126502,0,0.7857142857142785
2018-11-12,sh.603706,28.4100,28.9800,28.4100,28.6800,28.2200,5161342,148100989.0000,3,12.903355,1,1.630053,4.260211,58.614721,11.481579,67.204397,0,1.6300496102055417
2018-11-13,sh.603706,28.3000,30.5900,28.1000,29.6500,28.6800,9733922,287810086.0000,3,24.334805,1,3.382145,4.404297,60.597157,11.869903,69.477349,0,3.3821478382147774
2018-11-14,sh.603706,30.3000,31.2900,29.6200,29.7000,29.6500,11445709,349117196.0000,3,28.614272,1,0.168638,4.411724,60.699345,11.889920,69.594511,0,0.1686340640809414
2018-11-15,sh.603706,30.8000,32.6700,30.1500,32.6700,29.7000,10488660,329461858.0000,3,26.221650,1,9.999991,4.852897,66.769279,13.078912,76.553962,0,10.000000000000009
2018-11-16,sh.603706,31.4900,33.2900,31.0600,32.0300,32.6700,16694705,537982602.0000,3,41.736763,1,-1.958982,4.757829,65.461280,12.822698,75.054283,0,-1.9589837771656016
2018-11-19,sh.603706,31.9900,33.9700,31.9700,32.6900,32.0300,11167651,365865766.0000,3,27.919128,1,2.060568,4.855868,66.810154,13.086918,76.600827,0,2.060568217296277
2018-11-20,sh.603706,31.7900,32.0600,30.5500,30.7800,32.6900,8468960,265393820.0000,3,21.172400,1,-5.842760,4.572151,62.906594,12.322280,72.125221,0,-5.842765371673286
2018-11-21,sh.603706,30.4700,31.2900,30.0000,30.9900,30.7800,5614764,171787406.0000,3,14.036910,1,0.682258,4.603345,63.335781,12.406351,72.617303,0,0.6822612085769952
2018-11-22,sh.603706,31.0100,31.9500,30.7100,31.3800,30.9900,6425363,201742131.0000,3,16.063408,1,1.258469,4.661277,64.132843,12.562481,73.531170,0,1.2584704743465736
2018-11-23,sh.603706,31.0000,31.0600,28.8000,28.8100,31.3800,6503224,194073270.0000,3,16.258060,1,-8.189929,4.279521,58.880408,11.533623,67.509019,0,-8.189929891650738
2018-11-26,sh.603706,28.2600,29.1800,27.5600,27.9600,28.8100,4041815,114488381.0000,3,10.104538,1,-2.950366,4.153260,57.143221,11.193339,65.517257,0,-2.9503644567858256
2018-11-27,sh.603706,28.2900,28.6700,27.6600,28.3000,27.9600,2989765,84318159.0000,3,7.474412,1,1.216024,4.203764,57.838096,11.329452,66.313962,0,1.2160228898426384
2018-11-28,sh.603706,28.3000,28.7500,27.6000,28.6600,28.3000,3524900,99322787.0000,3,8.812250,1,1.272087,4.257240,58.573846,11.473572,67.157532,0,1.272084805653706
2018-11-29,sh.603706,29.1400,29.4300,27.5100,27.5400,28.6600,4276159,121824296.0000,3,10.690397,1,-3.907882,4.090872,56.284847,11.025198,64.533092,0,-3.9078855547801883
2018-11-30,sh.603706,27.0000,27.5300,26.3600,27.2800,27.5400,4137149,111915541.0000,3,10.342873,1,-0.944082,4.052251,55.753472,10.921111,63.923847,0,-0.9440813362381895
2018-12-03,sh.603706,27.9900,28.4500,27.6100,28.1800,27.2800,4558492,127943621.0000,3,11.396230,1,3.299119,4.185939,57.592846,11.281412,66.032772,0,3.2991202346041026
2018-12-04,sh.603706,28.0800,30.7000,27.9000,29.8500,28.1800,8865040,258665138.0000,3,22.162600,1,5.926189,4.434006,61.005907,11.949970,69.945999,0,5.926188786373321
2018-12-05,sh.603706,29.0100,29.6000,28.7100,28.9100,29.8500,5591125,162273514.0000,3,13.977813,1,-3.149081,4.294376,59.084783,11.573656,67.743344,0,-3.1490787269681797
2018-12-06,sh.603706,28.9300,29.8600,28.5500,29.0900,28.9100,5331010,155654362.0000,3,13.327525,1,0.622623,4.321113,59.452658,11.645716,68.165129,0,0.6226219301279867
2018-12-07,sh.603706,29.2800,29.3000,28.5300,29.0800,29.0900,3440981,99654883.0000,3,8.602453,1,-0.034377,4.319628,59.432220,11.641713,68.141696,0,-0.034376074252329136
2018-12-10,sh.603706,28.9700,30.6800,28.6600,30.2600,29.0800,8431921,252184277.0000,3,21.079802,1,4.057773,4.494908,61.843844,12.114107,70.906731,0,4.057771664374155
2018-12-11,sh.603706,29.9500,30.3500,29.5000,30.0200,30.2600,5729447,171021013.0000,3,14.323617,1,-0.793126,4.459258,61.353344,12.018027,70.344351,0,-0.793126239259756
2018-12-12,sh.603706,30.0000,30.6700,29.6000,30.5900,30.0200,7334585,221784581.0000,3,18.336462,1,1.898733,4.543928,62.518281,12.246217,71.680003,0,1.8987341772152
2018-12-13,sh.603706,32.5000,33.6500,30.6100,30.7900,30.5900,12127982,384288673.0000,3,30.319955,1,0.653811,4.573636,62.927031,12.326284,72.148653,0,0.6538084341287886
2018-12-14,sh.603706,30.3300,33.0000,30.3000,31.5000,30.7900,13193540,419468974.0000,3,32.983850,1,2.305941,4.679102,64.378093,12.610521,73.812360,0,2.305943488145501
2018-12-17,sh.603706,29.9000,30.4800,29.2000,29.8900,31.5000,8598821,256201758.0000,3,21.497052,1,-5.111113,4.439948,61.087657,11.965983,70.039729,0,-5.111111111111111
2018-12-18,sh.603706,29.4500,29.4500,28.1000,28.4300,29.8900,6702411,192762551.0000,3,16.756028,1,-4.884574,4.223075,58.103783,11.381496,66.618584,0,-4.8845767815322905
2018-12-19,sh.603706,28.5300,28.8000,27.6500,27.8800,28.4300,4773830,134563841.0000,3,11.934575,1,-1.934580,4.141376,56.979722,11.161312,65.329797,0,-1.934576151952161
2018-12-20,sh.603706,27.7200,28.4400,27.7200,28.4300,27.8800,4493270,126478190.0000,3,11.233175,1,1.972744,4.223075,58.103783,11.381496,66.618584,0,1.9727403156384549
2018-12-21,sh.603706,28.2000,28.4100,27.6500,28.1200,28.4300,3296807,92271540.0000,3,8.242017,1,-1.090396,4.177027,57.470221,11.257392,65.892177,0,-1.0903974674639438
2018-12-24,sh.603706,28.0400,29.0900,28.0400,29.0800,28.1200,5880649,168616931.0000,3,14.701622,1,3.413937,4.319628,59.432220,11.641713,68.141696,0,3.413940256045511
2018-12-25,sh.603706,28.4400,28.7900,27.6600,28.7000,29.0800,5366364,152211208.0000,3,13.415910,1,-1.306737,4.263182,58.655596,11.489586,67.251262,0,-1.3067400275103114
2018-12-26,sh.603706,28.6000,29.8300,28.2800,29.3800,28.7000,7126163,206824518.0000,3,17.815407,1,2.369332,4.364191,60.045345,11.761813,68.844671,0,2.369337979094066
2018-12-27,sh.603706,30.3000,30.4000,27.8800,28.0000,29.3800,7298076,213806742.0000,3,18.245190,1,-4.697070,4.159202,57.224971,11.209352,65.610987,0,-4.697072838665761
2018-12-28,sh.603706,28.0000,28.2500,26.7900,26.9600,28.0000,5673042,154772667.0000,3,14.182605,1,-3.714289,4.004717,55.099472,10.793005,63.174007,0,-3.7142857142857144
2019-01-02,sh.603706,26.6800,26.9500,26.0000,26.6000,26.9600,3484453,92088570.0000,3,8.711132,1,-1.335307,3.951241,54.363723,10.648884,62.330438,0,-1.3353115727002929
2019-01-03,sh.603706,26.5500,27.3900,26.2500,26.6500,26.6000,4047509,108254937.0000,3,10.118773,1,0.187967,3.958669,54.465910,10.668901,62.447600,0,0.1879699248120259
2019-01-04,sh.603706,26.0000,27.1000,25.8100,26.9700,26.6500,4448044,118005869.0000,3,11.120110,1,1.200749,4.006202,55.119910,10.797008,63.197440,0,1.2007504690431547
2019-01-07,sh.603706,27.1400,27.6300,26.8600,27.4000,26.9700,4391604,119820359.0000,3,10.979010,1,1.594365,4.070076,55.998722,10.969152,64.205037,0,1.5943641082684534
2019-01-08,sh.603706,27.2600,29.5200,26.9100,28.5300,27.4000,9325946,262989182.0000,3,23.314865,1,4.124092,4.237929,58.308158,11.421529,66.852909,0,4.124087591240877
2019-01-09,sh.603706,28.3300,28.9800,27.9300,28.0100,28.5300,7303840,206528822.0000,3,18.259600,1,-1.822644,4.160687,57.245409,11.213355,65.634419,0,-1.822642832106558
2019-01-10,sh.603706,27.8000,28.1500,27.1500,27.2600,28.0100,4836037,133946769.0000,3,12.090093,1,-2.677615,4.049280,55.712597,10.913105,63.876982,0,-2.677615137450906
2019-01-11,sh.603706,27.3600,28.9200,27.0000,28.5500,27.2600,7927693,221960310.0000,3,19.819233,1,4.732204,4.240900,58.349033,11.429536,66.899774,0,4.7322083639031565
2019-01-14,sh.603706,30.1000,31.4100,29.2100,29.3100,28.5500,13903169,418688804.0000,3,34.757922,1,2.661998,4.353793,59.902283,11.733790,68.680644,0,2.6619964973730204
2019-01-15,sh.603706,29.9000,30.0600,27.5000,28.1500,29.3100,10730933,303568928.0000,3,26.827333,1,-3.957693,4.181483,57.531534,11.269402,65.962474,0,-3.95769361992494
2019-01-16,sh.603706,27.6000,27.9900,27.4000,27.6400,28.1500,5838780,161633732.0000,3,14.596950,1,-1.811724,4.105726,56.489222,11.065232,64.767417,0,-1.8117229129662404
2019-01-17,sh.603706,27.7100,27.8200,27.2200,27.2700,27.6400,3929100,108176465.0000,3,9.822750,1,-1.338636,4.050765,55.733035,10.917108,63.900415,0,-1.338639652677287
2019-01-18,sh.603706,27.2700,27.4800,26.8200,27.4200,27.2700,3736619,101789215.0000,3,9.341547,1,0.550054,4.073047,56.039597,10.977158,64.251902,0,0.5500550055005604
2019-01-21,sh.603706,27.4300,27.7700,27.2000,27.7500,27.4200,3511418,96821101.0000,3,8.778545,1,1.203501,4.122066,56.714034,11.109268,65.025175,0,1.2035010940919078
2019-01-22,sh.603706,27.6500,28.1400,27.4300,27.6900,27.7500,4085788,113367227.0000,3,10.214470,1,-0.216214,4.113153,56.591409,11.085248,64.884580,0,-0.216216216216214
2019-01-23,sh.603706,27.6200,27.9000,27.2000,27.5800,27.6900,2924444,80343148.0000,3,7.311110,1,-0.397257,4.096813,56.366597,11.041212,64.626822,0,-0.3972553268328016
2019-01-24,sh.603706,27.5400,27.8200,27.2100,27.5700,27.5800,3336160,91850128.0000,3,8.340400,1,-0.036259,4.095328,56.346159,11.037208,64.603390,0,-0.03625815808556698
2019-01-25,sh.603706,27.6800,27.6900,26.4000,26.4300,27.5700,5095045,137177182.0000,3,12.737613,1,-4.134927,3.925989,54.016286,10.580828,61.932085,0,-4.134929270946685
2019-01-28,sh.603706,26.5500,26.6800,25.6100,25.7500,26.4300,3449184,89930784.0000,3,8.622960,1,-2.572835,3.824980,52.626536,10.308600,60.338676,0,-2.5728339008702195
2019-01-29,sh.603706,25.6000,25.8900,23.9600,24.5800,25.7500,3148546,77996904.0000,3,7.871365,1,-4.543690,3.651185,50.235350,9.840210,57.597074,0,-4.5436893203883555
2019-01-30,sh.603706,24.5700,24.8000,23.7000,23.7500,24.5800,2375642,57654403.0000,3,5.939105,1,-3.376729,3.527894,48.539038,9.507932,55.652176,0,-3.3767290480064993
2019-01-31,sh.603706,23.7400,23.9300,21.6600,21.8200,23.7500,4861694,109675336.0000,3,12.154235,1,-8.126317,3.241206,44.594603,8.735288,51.129705,0,-8.126315789473681
2019-02-01,sh.603706,22.0700,22.5500,22.0000,22.4500,21.8200,2345045,52261045.0000,3,5.862613,1,2.887264,3.334788,45.882165,8.987498,52.605952,0,2.887259395050412
2019-02-11,sh.603706,22.6800,23.2000,22.5500,23.0800,22.4500,2579695,59247706.0000,3,6.449238,1,2.806232,3.428370,47.169726,9.239709,54.082199,0,2.8062360801781594
2019-02-12,sh.603706,23.3200,23.6800,23.0200,23.5100,23.0800,3415587,79756741.0000,3,8.538968,1,1.863086,3.492244,48.048538,9.411852,55.089797,0,1.8630849220104162
2019-02-13,sh.603706,23.4400,23.8400,23.1700,23.7900,23.5100,3954194,93299432.0000,3,9.885485,1,1.190985,3.533836,48.620788,9.523946,55.745906,0,1.1909825606124969
2019-02-14,sh.603706,23.7700,24.6800,23.5100,23.9100,23.7900,4617226,111146247.0000,3,11.543065,1,0.504409,3.551661,48.866038,9.571986,56.027096,0,0.5044136191677318
2019-02-15,sh.603706,23.7600,24.0800,23.6300,23.8700,23.9100,3208698,76588934.0000,3,8.021745,1,-0.167290,3.545719,48.784288,9.555973,55.933366,0,-0.16729401923880616
2019-02-18,sh.603706,23.9100,24.5400,23.9100,24.5000,23.8700,3990213,96931056.0000,3,9.975532,1,2.639292,3.639301,50.071850,9.808183,57.409614,0,2.639296187683282
2019-02-19,sh.603706,24.4600,24.7900,23.9300,24.3900,24.5000,4237810,103428019.0000,3,10.594525,1,-0.448982,3.622962,49.847038,9.764146,57.151856,0,-0.448979591836729
2019-02-20,sh.603706,24.3800,24.6800,24.1100,24.4700,24.3900,3507661,85590938.0000,3,8.769153,1,0.328003,3.634845,50.010538,9.796173,57.339316,0,0.3280032800327959
2019-02-21,sh.603706,24.5000,24.7600,24.1000,24.2600,24.4700,4834629,118020471.0000,3,12.086572,1,-0.858190,3.603651,49.581350,9.712103,56.847234,0,-0.8581937065794687
2019-02-22,sh.603706,24.4200,24.8500,24.1400,24.7500,24.2600,5446504,134033725.0000,3,13.616260,1,2.019785,3.676437,50.582787,9.908266,57.995426,0,2.0197856553998195
2019-02-25,sh.603706,24.7200,26.3600,24.7100,25.8900,24.7500,8290255,210449371.0000,3,20.725637,1,4.606058,3.845776,52.912661,10.364647,60.666730,0,4.6060606060606135
2019-02-26,sh.603706,25.6000,26.6700,25.3300,26.1400,25.8900,9052247,235919781.0000,3,22.630617,1,0.965624,3.882912,53.423598,10.464731,61.252543,0,0.9656237929702494
2019-02-27,sh.603706,25.9100,26.4300,25.5100,25.8300,26.1400,5813346,151182279.0000,3,14.533365,1,-1.185920,3.836863,52.790036,10.340627,60.526135,0,-1.185921958684022
2019-02-28,sh.603706,25.9000,26.7600,25.7300,26.3400,25.8300,6460917,169387608.0000,3,16.152293,1,1.974449,3.912620,53.832348,10.544798,61.721193,0,1.9744483159117365
2019-03-01,sh.603706,26.3000,27.0000,25.8100,26.4600,26.3400,7517560,198903227.0000,3,18.793900,1,0.455577,3.930445,54.077598,10.592838,62.002383,0,0.4555808656036442
2019-03-04,sh.603706,26.4900,27.8000,26.1600,27.3400,26.4600,11079084,297223869.0000,3,27.697710,1,3.325779,4.061163,55.876097,10.945132,64.064442,0,3.325774754346189
2019-03-05,sh.603706,26.9800,27.2400,26.8300,27.1800,27.3400,6591451,178162155.0000,3,16.478628,1,-0.585222,4.037396,55.549097,10.881078,63.689522,0,-0.5852231163130939
2019-03-06,sh.603706,27.3800,27.6300,26.9000,27.5000,27.1800,8063192,220317353.0000,3,20.157980,1,1.177335,4.084930,56.203097,11.009185,64.439362,0,1.1773362766740236
2019-03-07,sh.603706,27.4800,29.3500,27.1800,28.5500,27.5000,11861194,335241435.0000,3,29.652985,1,3.818179,4.240900,58.349033,11.429536,66.899774,0,3.8181818181818317
2019-03-08,sh.603706,27.8100,27.8400,25.7000,25.8000,28.5500,8140748,219801425.0000,3,20.351870,1,-9.632225,3.832407,52.728724,10.328617,60.455838,0,-9.632224168126092
2019-03-11,sh.603706,25.7500,26.5000,25.6900,26.4900,25.8000,5103037,133494136.0000,3,12.757593,1,2.674421,3.934902,54.138910,10.604848,62.072680,0,2.674418604651163
2019-03-12,sh.603706,26.7400,27.4800,26.2800,26.8600,26.4900,6686021,180088177.0000,3,16.715052,1,1.396757,3.989863,54.895098,10.752971,62.939683,0,1.3967534918837288
2019-03-13,sh.603706,26.9200,27.4000,26.3200,26.9400,26.8600,6053629,163549159.0000,3,15.134073,1,0.297840,4.001746,55.058597,10.784998,63.127142,0,0.29784065524944836
2019-03-14,sh.603706,27.0900,29.0000,26.6100,28.4400,26.9400,12767775,353837056.0000,3,31.919437,1,5.567929,4.224560,58.124221,11.385499,66.642017,0,5.567928730512239
2019-03-15,sh.603706,28.6500,28.9000,27.8100,28.5500,28.4400,11162679,315585564.0000,3,27.906697,1,0.386775,4.240900,58.349033,11.429536,66.899774,0,0.3867791842475432
2019-03-18,sh.603706,28.6000,29.4200,28.2000,29.1100,28.5500,9897856,286306933.0000,3,24.744640,1,1.961476,4.324084,59.493533,11.653723,68.211994,0,1.9614711033274945
2019-03-19,sh.603706,29.1500,30.4700,28.4100,29.7400,29.1100,13447423,395121787.0000,3,33.618558,1,2.164202,4.417666,60.781095,11.905933,69.688241,0,2.164204740638942
2019-03-20,sh.603706,29.7500,29.9600,28.8100,29.0900,29.7400,9379121,275231959.0000,3,23.447803,1,-2.185607,4.321113,59.452658,11.645716,68.165129,0,-2.185608607935441
2019-03-21,sh.603706,28.8900,29.0200,28.0800,28.3000,29.0900,7977140,226557480.0000,3,19.942850,1,-2.715713,4.203764,57.838096,11.329452,66.313962,0,-2.7157098659333023
2019-03-22,sh.603706,28.0000,28.1900,27.4700,28.0500,28.3000,5233496,145782244.0000,3,13.083740,1,-0.883392,4.166629,57.327159,11.229369,65.728149,0,-0.8833922261484051
2019-03-25,sh.603706,27.4000,27.8100,27.0900,27.2000,28.0500,4118067,113037683.0000,3,10.295167,1,-3.030298,4.040367,55.589972,10.889085,63.736387,0,-3.0303030303030387
2019-03-26,sh.603706,27.2500,27.6100,26.0200,26.0300,27.2000,4498193,120175026.0000,3,11.245482,1,-4.301471,3.866572,53.198786,10.420694,60.994785,0,-4.30147058823529
2019-03-27,sh.603706,26.1600,26.4000,25.5500,26.1600,26.0300,3025677,78447920.0000,3,7.564192,1,0.499420,3.885883,53.464473,10.472737,61.299408,0,0.49942374183633564
2019-03-28,sh.603706,26.1300,26.1900,25.4000,25.4000,26.1600,2882343,74467788.0000,3,7.205857,1,-2.905200,3.772990,51.911224,10.168484,59.518538,0,-2.905198776758411
2019-03-29,sh.603706,25.4800,25.9000,25.0100,25.8500,25.4000,3276385,83791661.0000,3,8.190962,1,1.771657,3.839834,52.830911,10.348634,60.573000,0,1.7716535433071057
2019-04-01,sh.603706,25.9900,26.8700,25.9000,26.7400,25.8500,4223900,111764367.0000,3,10.559750,1,3.442938,3.972037,54.649848,10.704931,62.658493,0,3.4429400386847053
2019-04-02,sh.603706,26.7400,26.9800,26.5100,26.9000,26.7400,4296220,115084083.0000,3,10.740550,1,0.598354,3.995804,54.976848,10.768985,63.033413,0,0.5983545250560995
2019-04-03,sh.603706,26.8800,27.2700,26.6500,27.2300,26.9000,4391130,118453157.0000,3,10.977825,1,1.226766,4.044823,55.651285,10.901095,63.806685,0,1.2267657992565129
2019-04-04,sh.603706,27.3800,27.6300,26.7100,27.2300,27.2300,4496134,121828874.0000,3,11.240335,1,0.000000,4.044823,55.651285,10.901095,63.806685,0,0.0
2019-04-08,sh.603706,27.1200,27.7400,26.9500,27.5800,27.2300,5210384,142825343.0000,3,13.025960,1,1.285348,4.096813,56.366597,11.041212,64.626822,0,1.285347043701801
2019-04-09,sh.603706,27.5000,28.6600,27.3500,28.6600,27.5800,9020911,254038782.0000,3,22.552278,1,3.915881,4.257240,58.573846,11.473572,67.157532,0,3.9158810732414784
2019-04-10,sh.603706,28.1500,28.2400,27.7900,28.1100,28.6600,5154027,144595755.0000,3,12.885067,1,-1.919048,4.175541,57.449784,11.253389,65.868744,0,-1.9190509420795587
2019-04-11,sh.603706,28.1200,28.1900,26.6000,26.6000,28.1100,4706300,128553498.0000,3,11.765750,1,-5.371755,3.951241,54.363723,10.648884,62.330438,0,-5.371753824261827
2019-04-12,sh.603706,26.5000,26.8500,26.0200,26.4000,26.6000,2725365,72275275.0000,3,6.813413,1,-0.751883,3.921533,53.954973,10.568818,61.861788,0,-0.7518796992481258
2019-04-15,sh.603706,26.6000,27.3700,26.6000,27.0000,26.4000,3256100,87968894.0000,3,8.140250,1,2.272729,4.010659,55.181222,10.809018,63.267737,0,2.2727272727272707
2019-04-16,sh.603706,26.7900,27.5700,26.7000,27.3300,27.0000,4003420,109222052.0000,3,10.008550,1,1.222222,4.059678,55.855660,10.941128,64.041010,0,1.2222222222222134
2019-04-17,sh.603706,27.1100,28.2800,26.8500,28.1300,27.3300,6198172,171500170.0000,3,15.495430,1,2.927184,4.063367,47.942085,10.731057,152.207702,0,2.9271862422246553
2019-04-18,sh.603706,27.9000,28.3600,27.4200,27.5200,28.1300,3883662,107819118.0000,3,9.709155,1,-2.168499,3.975252,46.902459,10.498354,148.907073,0,-2.1685033771773887
2019-04-19,sh.603706,27.3900,27.5500,26.5000,27.0500,27.5200,3014262,81419688.0000,3,7.535655,1,-1.707853,3.907361,46.101436,10.319058,146.363966,0,-1.7078488372093026
2019-04-22,sh.603706,27.1600,27.3800,26.6000,26.7300,27.0500,2648800,71310085.0000,3,6.622000,1,-1.182993,3.861137,45.556059,10.196984,144.632488,0,-1.182994454713493
2019-04-23,sh.603706,26.7400,27.1800,26.4900,26.4900,26.7300,2765765,74196479.0000,3,6.914413,1,-0.897867,3.826469,45.147026,10.105429,143.333880,0,-0.8978675645342382
2019-04-24,sh.603706,26.6000,26.8400,26.1600,26.6500,26.4900,2249951,59454945.0000,3,5.624878,1,0.604001,3.849581,45.419714,10.166466,144.199619,0,0.604001510003771
2019-04-25,sh.603706,26.6500,26.6600,24.3000,24.5500,26.6500,3988586,102035909.0000,3,9.971465,1,-7.879926,3.546237,41.840675,9.365356,132.836797,0,-7.879924953095674
2019-04-26,sh.603706,24.5500,24.7400,24.1000,24.3000,24.5500,1946116,47438126.0000,3,4.865290,1,-1.018330,3.510125,41.414599,9.269986,131.484080,0,-1.0183299389002087
2019-04-29,sh.603706,24.3000,24.5500,21.9000,22.5100,24.3000,2638296,60978978.0000,3,6.595740,1,-7.366251,3.193154,37.999024,8.285109,114.463570,0,-7.366255144032918
2019-04-30,sh.603706,22.5000,23.1800,22.5000,22.9800,22.5100,1343042,30760669.0000,3,3.357605,1,2.087958,3.259825,38.792429,8.458098,116.853525,0,2.087960906263886
2019-05-06,sh.603706,22.0000,22.4800,20.6800,20.6800,22.9800,2762554,58953959.0000,3,6.906385,1,-10.008700,2.933559,34.909810,7.611552,105.158002,0,-10.008703220191473
2019-05-07,sh.603706,20.7500,21.1500,20.5800,20.9400,20.6800,1718226,35846591.0000,3,4.295565,1,1.257254,2.970441,35.348715,7.707249,106.480105,0,1.2572533849129597
2019-05-08,sh.603706,20.2500,21.2400,20.2500,20.9400,20.9400,1796113,37530988.0000,3,4.490283,1,0.000000,2.970441,35.348715,7.707249,106.480105,0,0.0
2019-05-09,sh.603706,20.9500,21.1400,20.7600,20.7900,20.9400,1712498,35855243.0000,3,4.281245,1,-0.716330,2.949163,35.095501,7.652039,105.717353,0,-0.7163323782235054
2019-05-10,sh.603706,20.9300,21.3200,20.5400,21.2900,20.7900,2221876,46924317.0000,3,5.554690,1,2.405002,3.020091,35.939548,7.836071,108.259858,0,2.40500240500241
2019-05-13,sh.603706,21.3000,23.2200,21.1200,22.3200,21.2900,3891108,87220587.0000,3,9.727770,1,4.837946,3.166201,37.678286,8.215176,113.497418,0,4.837952090183184
2019-05-14,sh.603706,22.0500,22.0500,21.5300,21.8200,22.3200,2089434,45537621.0000,3,5.223585,1,-2.240143,3.095274,36.834239,8.031145,110.954913,0,-2.240143369175629
2019-05-15,sh.603706,21.8400,22.3200,21.8400,22.0900,21.8200,1935334,42727302.0000,3,4.838335,1,1.237399,3.133575,37.290024,8.130522,112.327866,0,1.2373968835930338
2019-05-16,sh.603706,22.1900,22.3800,21.9100,22.1300,22.0900,1569732,34677414.0000,3,3.924330,1,0.181073,3.139249,37.357548,8.145244,112.531266,0,0.1810774105930335
2019-05-17,sh.603706,22.1000,22.2700,20.0000,20.8900,22.1300,2203363,47416044.0000,3,5.508408,1,-5.603253,2.963349,35.264310,7.688846,106.225854,0,-5.603253502033434
2019-05-20,sh.603706,20.9100,21.4600,20.3200,21.2000,20.8900,1471663,30848872.0000,3,3.679158,1,1.483970,3.007324,35.787620,7.802945,107.802207,0,1.483963618956441
2019-05-21,sh.603706,21.2000,21.5900,20.9700,21.5400,21.2000,1392123,29843290.0000,3,3.480308,1,1.603774,3.055554,36.361572,7.928087,109.531111,0,1.6037735849056656
2019-05-22,sh.603706,21.5900,21.5900,20.9000,20.9700,21.5400,1264442,26826723.0000,3,3.161105,1,-2.646247,2.974697,35.399358,7.718291,106.632655,0,-2.646239554317553
2019-05-23,sh.603706,21.0000,21.0000,20.3800,20.4200,20.9700,1234265,25495488.0000,3,3.085662,1,-2.622791,2.896677,34.470905,7.515856,103.835900,0,-2.6227944682880144
2019-05-24,sh.603706,20.4200,21.2500,20.4000,20.8500,20.4200,1674833,34935016.0000,3,4.187082,1,2.105780,2.957675,35.196786,7.674123,106.022454,0,2.105778648383927
2019-05-27,sh.603706,20.6800,21.4900,20.6000,21.2500,20.8500,1752400,36975551.0000,3,4.381000,1,1.918463,3.014416,35.872024,7.821349,108.056458,0,1.9184652278177339
2019-05-28,sh.603706,21.2500,21.5100,21.0500,21.1500,21.2500,1746900,37212449.0000,3,4.367250,1,-0.470590,3.000231,35.703215,7.784542,107.547957,0,-0.47058823529412264
2019-05-29,sh.603706,21.1500,21.9900,21.0000,21.8500,21.1500,2737103,59242828.0000,3,6.842758,1,3.309696,3.099529,36.884882,8.042187,111.107464,0,3.309692671394804
2019-05-30,sh.603706,21.9100,22.8900,21.5500,22.6300,21.8500,5139288,114547526.0000,3,12.848220,1,3.569788,3.210176,38.201596,8.329276,115.073771,0,3.5697940503432335
2019-05-31,sh.603706,22.9000,24.8000,22.9000,23.9500,22.6300,8119347,192738090.0000,3,20.298368,1,5.832973,3.397425,40.429882,8.815120,121.785984,0,5.832965090587727
2019-06-03,sh.603706,23.0000,23.1900,22.4200,22.4600,23.9500,4404562,100494801.0000,3,11.011405,1,-6.221301,3.186061,37.914620,8.266705,114.209320,0,-6.22129436325678
2019-06-04,sh.603706,22.3100,22.4200,21.6400,22.1500,22.4600,2495100,54617851.0000,3,6.237750,1,-1.380229,3.142086,37.391310,8.152606,112.632967,0,-1.3802315227070427
2019-06-05,sh.603706,22.3800,22.8000,22.0300,22.2800,22.1500,2612100,58812563.0000,3,6.530250,1,0.586912,3.160527,37.610763,8.200454,113.294018,0,0.5869074492099502
2019-06-06,sh.603706,22.5000,22.7800,20.0900,20.9000,22.2800,2881584,61790055.0000,3,7.203960,1,-6.193901,2.964767,35.281191,7.692526,106.276704,0,-6.1938958707361
2019-06-10,sh.603706,20.5800,21.2500,20.5800,20.9000,20.9000,1644117,34334300.0000,3,4.110292,1,0.000000,2.964767,35.281191,7.692526,106.276704,0,0.0
2019-06-11,sh.603706,20.9000,21.6800,20.8100,21.5800,20.9000,2305969,49130346.0000,3,5.764922,1,3.253590,3.061229,36.429096,7.942810,109.734511,0,3.2535885167464196
2019-06-12,sh.603706,21.5800,21.7600,21.3000,21.3900,21.5800,1784456,38349310.0000,3,4.461140,1,-0.880447,3.034276,36.108358,7.872877,108.768359,0,-0.8804448563484613
2019-06-13,sh.603706,21.3200,21.9000,21.2500,21.6300,21.3900,1896100,40895900.0000,3,4.740250,1,1.122019,3.068321,36.513501,7.961213,109.988762,0,1.1220196353436185
2019-06-14,sh.603706,21.9000,21.9200,20.8100,21.0900,21.6300,1836278,39223639.0000,3,4.590695,1,-2.496528,2.991720,35.601929,7.762458,107.242856,0,-2.496532593619971
2019-06-17,sh.603706,21.3000,21.3000,20.6700,20.7400,21.0900,1186800,24788365.0000,3,2.967000,1,-1.659556,2.942070,35.011096,7.633636,105.463103,0,-1.6595542911332473
2019-06-18,sh.603706,20.6600,21.2000,20.6600,20.9300,20.7400,1019600,21339908.0000,3,2.549000,1,0.916107,2.969023,35.331834,7.703568,106.429255,0,0.9161041465766795
2019-06-19,sh.603706,21.4100,21.4700,21.0300,21.1600,20.9300,1443900,30569529.0000,3,3.609750,1,1.098899,3.001650,35.720096,7.788223,107.598807,0,1.098901098901095
2019-06-20,sh.603706,21.0500,21.9800,20.8800,21.9100,21.1600,3018508,65031851.0000,3,7.546270,1,3.544423,3.108041,36.986167,8.064270,111.412564,0,3.5444234404536923
2019-06-21,sh.603706,21.5000,21.6500,21.3200,21.5000,21.5600,2196361,47204861.0000,3,5.490902,1,-0.278291,3.049880,36.294048,7.913364,109.327710,0,-1.8712916476494756
2019-06-24,sh.603706,21.5100,21.6000,21.0000,21.2200,21.5000,1577600,33543594.0000,3,3.944000,1,-1.302329,3.010161,35.821382,7.810307,107.903908,0,-1.3023255813953583
2019-06-25,sh.603706,21.2200,21.3000,20.8000,21.0100,21.2200,1215602,25506774.0000,3,3.039005,1,-0.989628,2.980371,35.466882,7.733013,106.836056,0,-0.9896324222431585
2019-06-26,sh.603706,20.9300,21.2600,20.7500,20.9400,21.0100,960560,20265303.0000,3,2.401400,1,-0.333173,2.970441,35.348715,7.707249,106.480105,0,-0.33317467872441275
2019-06-27,sh.603706,21.1000,21.1500,20.8400,20.9600,20.9400,1284800,26952958.0000,3,3.212000,1,0.095504,2.973279,35.382477,7.714610,106.581805,0,0.09551098376312517
2019-06-28,sh.603706,21.0000,21.0000,20.3700,20.4300,20.9600,1490599,30676553.0000,3,3.726497,1,-2.528620,2.898095,34.487786,7.519537,103.886750,0,-2.5286259541984824
2019-07-01,sh.603706,20.7700,20.9400,20.7100,20.9400,20.4300,1343479,27987983.0000,3,3.358697,1,2.496330,2.970441,35.348715,7.707249,106.480105,0,2.496328928046987
2019-07-02,sh.603706,20.9000,21.0700,20.7300,20.8500,20.9400,1117823,23370830.0000,3,2.794557,1,-0.429800,2.957675,35.196786,7.674123,106.022454,0,-0.42979942693409656
2019-07-03,sh.603706,20.8600,20.9300,20.4600,20.4900,20.8500,1137533,23428654.0000,3,2.843832,1,-1.726622,2.906607,34.589072,7.541620,104.191850,0,-1.7266187050359871
2019-07-04,sh.603706,20.4500,20.7100,20.4300,20.4500,20.4900,917679,18857228.0000,3,2.294198,1,-0.195212,2.900933,34.521548,7.526898,103.988450,0,-0.19521717911176184
2019-07-05,sh.603706,20.5900,20.7200,20.4800,20.5800,20.4500,858500,17696084.0000,3,2.146250,1,0.635693,2.919374,34.741001,7.574746,104.649501,0,0.6356968215158965
2019-07-08,sh.603706,20.6000,20.6800,19.7100,19.7400,20.5800,1597500,31877247.0000,3,3.993750,1,-4.081633,2.800216,33.323001,7.265573,100.378093,0,-4.081632653061229
2019-07-09,sh.603706,19.6000,21.5700,19.5000,20.8400,19.7400,3112690,64583261.0000,3,5.335465,1,5.572444,2.956256,35.179905,7.670443,105.971604,0,5.572441742654521
2019-07-10,sh.603706,20.9400,21.1800,20.4200,20.4500,20.8400,1646542,34054047.0000,3,2.822340,1,-1.871398,2.900933,34.521548,7.526898,103.988450,0,-1.87140115163148
2019-07-11,sh.603706,20.4800,20.7500,19.8200,19.8900,20.4500,1493777,30179377.0000,3,2.560485,1,-2.738393,2.821494,33.576215,7.320782,101.140845,0,-2.7383863080684523
2019-07-12,sh.603706,19.6800,20.0800,19.6800,20.0200,19.8900,906165,18083221.0000,3,1.553258,1,0.653600,2.839935,33.795667,7.368631,101.801896,0,0.6535947712418277
2019-07-15,sh.603706,20.0300,20.1900,19.7000,20.0000,20.0200,1269900,25286732.0000,3,2.176737,1,-0.099902,2.837098,33.761905,7.361269,101.700196,0,-0.09990009990009652
2019-07-16,sh.603706,20.0000,20.0500,19.8600,20.0200,20.0000,698400,13944703.0000,3,1.197128,1,0.100002,2.839935,33.795667,7.368631,101.801896,0,0.09999999999998899
2019-07-17,sh.603706,20.0200,20.1400,19.8800,19.9600,20.0200,773500,15480201.0000,3,1.325857,1,-0.299707,2.831424,33.694382,7.346547,101.496795,0,-0.29970029970028955
2019-07-18,sh.603706,19.8900,20.5000,19.6800,19.7900,19.9600,1535621,30661309.0000,3,2.632210,1,-0.851694,2.807308,33.407405,7.283976,100.632344,0,-0.8517034068136309
2019-07-19,sh.603706,19.8300,19.9500,19.6200,19.6800,19.7900,1106845,21901496.0000,3,1.897244,1,-0.555839,2.791704,33.221715,7.243489,100.072993,0,-0.5558362809499728
2019-07-22,sh.603706,19.6700,19.7600,18.5600,18.6100,19.6800,1597400,30299040.0000,3,2.738105,1,-5.436990,2.639920,31.415453,6.849661,94.632032,0,-5.436991869918706
2019-07-23,sh.603706,18.7100,18.8100,18.6100,18.7600,18.6100,553442,10359422.0000,3,0.948656,1,0.806016,2.661198,31.668667,6.904871,95.394784,0,0.806018269747466
2019-07-24,sh.603706,18.8000,19.0700,18.7700,18.8600,18.7600,885764,16767847.0000,3,1.518289,1,0.533051,2.675383,31.837477,6.941677,95.903284,0,0.5330490405117239
2019-07-25,sh.603706,18.8000,19.0900,18.8000,18.9600,18.8600,746000,14146082.0000,3,1.278719,1,0.530215,2.689569,32.006286,6.978483,96.411785,0,0.5302226935312904
2019-07-26,sh.603706,18.8600,19.0500,18.8100,18.9600,18.9600,685000,12979141.0000,3,1.174200,1,0.000000,2.689569,32.006286,6.978483,96.411785,0,0.0
2019-07-29,sh.603706,19.3100,19.3100,19.0100,19.0600,18.9600,753800,14421688.0000,3,1.292089,1,0.527428,2.703754,32.175096,7.015290,96.920286,0,0.5274261603375408
2019-07-30,sh.603706,19.0600,19.1900,19.0000,19.0600,19.0600,861800,16447390.0000,3,1.477200,1,0.000000,2.703754,32.175096,7.015290,96.920286,0,0.0
2019-07-31,sh.603706,19.5600,20.4500,19.4100,19.7800,19.0600,3098573,61773793.0000,3,5.311300,1,3.777600,2.805890,33.390524,7.280295,100.581493,0,3.7775445960126053
2019-08-01,sh.603706,19.3000,19.7000,19.2400,19.3900,19.7800,1630365,31632392.0000,3,2.794600,1,-1.971700,2.750566,32.732167,7.136751,98.598340,0,-1.9716885743174983
2019-08-02,sh.603706,18.9900,18.9900,18.6100,18.8200,19.3900,1332160,25041662.0000,3,2.283500,1,-2.939700,2.669709,31.769953,6.926954,95.699884,0,-2.93965961835998
2019-08-05,sh.603706,18.6100,18.8900,18.6100,18.7200,18.8200,759498,14259181.0000,3,1.301900,1,-0.531400,2.655524,31.601143,6.890148,95.191383,0,-0.5313496280552665
2019-08-06,sh.603706,18.4000,18.4000,17.0600,17.6100,18.7200,2034365,35794485.0000,3,3.487100,1,-5.929500,2.498065,29.727358,6.481598,89.547022,0,-5.929487179487181
2019-08-07,sh.603706,17.6200,17.8900,17.3200,17.3500,17.6100,928600,16308718.0000,3,1.591700,1,-1.476400,2.461182,29.288453,6.385901,88.224920,0,-1.4764338444065772
2019-08-08,sh.603706,17.3700,18.1800,17.3700,17.7800,17.3500,1411765,25045889.0000,3,2.419900,1,2.478400,2.522180,30.014334,6.544168,90.411474,0,2.478386167146973
2019-08-09,sh.603706,17.8300,17.8700,17.2500,17.3200,17.7800,972307,17074406.0000,3,1.666600,1,-2.587200,2.456927,29.237810,6.374859,88.072369,0,-2.5871766029246346
2019-08-12,sh.603706,17.3300,17.5100,17.1300,17.4600,17.3200,791365,13717319.0000,3,1.356500,1,0.808300,2.476786,29.474143,6.426388,88.784271,0,0.8083140877598094
2019-08-13,sh.603706,17.3200,17.4600,17.1600,17.4500,17.4600,675265,11721383.0000,3,1.157500,1,-0.057300,2.475368,29.457262,6.422707,88.733421,0,-0.0572737686139857
2019-08-14,sh.603706,17.4500,17.7800,17.3900,17.5200,17.4500,1123365,19741989.0000,3,1.925600,1,0.401100,2.485298,29.575429,6.448472,89.089371,0,0.40114613180515235
2019-08-15,sh.603706,17.0000,18.2500,16.8200,17.7500,17.5200,1290007,22640408.0000,3,2.211200,1,1.312800,2.517924,29.963691,6.533126,90.258924,0,1.3127853881278462
2019-08-16,sh.603706,17.7300,17.7400,17.4700,17.5100,17.7500,1106742,19465188.0000,3,1.897100,1,-1.352100,2.483879,29.558548,6.444791,89.038521,0,-1.3521126760563273
2019-08-19,sh.603706,17.4400,17.8200,17.4400,17.8200,17.5100,1506149,26624688.0000,3,2.581700,1,1.770400,2.527854,30.081858,6.558891,90.614874,0,1.7704169046259155
2019-08-20,sh.603706,17.8000,18.0200,17.7300,17.8100,17.8200,1222400,21823566.0000,3,2.095300,1,-0.056100,2.597771,31.862980,6.690001,24.101916,0,-0.056116722783394746
2019-08-21,sh.603706,17.8000,18.6000,17.7000,18.3500,17.8100,2751226,50077652.0000,3,4.715900,1,3.032000,2.676535,32.829067,6.892842,24.832687,0,3.03200449185852
2019-08-22,sh.603706,18.3500,18.4500,18.0700,18.0900,18.3500,1598200,29014123.0000,3,2.739500,1,-1.416900,2.638612,32.363914,6.795178,24.480834,0,-1.416893732970037
2019-08-23,sh.603706,18.1900,18.3900,17.9800,18.0000,18.0900,1276707,23215912.0000,3,2.188400,1,-0.497500,2.625484,32.202899,6.761371,24.359039,0,-0.497512437810943
2019-08-26,sh.603706,17.2000,17.9200,17.2000,17.8100,18.0000,1491784,26195142.0000,3,2.557100,1,-1.055600,2.597771,31.862980,6.690001,24.101916,0,-1.0555555555555651
2019-08-27,sh.603706,17.8100,18.3700,17.7500,18.1900,17.8100,1819184,32981036.0000,3,3.118300,1,2.133600,2.653198,32.542819,6.832741,24.616162,0,2.133632790567108
2019-08-28,sh.603706,18.1900,18.3400,18.0100,18.2500,18.1900,1739300,31618858.0000,3,2.981300,1,0.329800,2.661949,32.650162,6.855279,24.697359,0,0.32985156679492533
2019-08-29,sh.603706,18.3300,18.3300,18.0600,18.1600,18.2500,1226177,22298048.0000,3,2.101800,1,-0.493200,2.648822,32.489147,6.821472,24.575564,0,-0.49315068493150926
2019-08-30,sh.603706,18.1500,18.2700,17.5600,17.6100,18.1600,1368177,24476757.0000,3,2.345200,1,-3.028600,2.568599,31.505170,6.614875,23.831260,0,-3.0286343612334843
2019-09-02,sh.603706,17.7900,17.9500,17.6500,17.9000,17.6100,865777,15470430.0000,3,1.484000,1,1.646800,2.610898,32.023994,6.723808,24.223711,0,1.6467915956842605
2019-09-03,sh.603706,17.9500,18.3600,17.9000,18.2500,17.9000,1835077,33258347.0000,3,3.145500,1,1.955300,2.661949,32.650162,6.855279,24.697359,0,1.9553072625698498
2019-09-04,sh.603706,18.2500,18.5000,18.1100,18.4500,18.2500,2473493,45439067.0000,3,4.239800,1,1.095900,2.691121,33.007972,6.930406,24.968015,0,1.0958904109588996
2019-09-05,sh.603706,18.4900,19.9000,18.3200,19.1000,18.4500,5472858,103707493.0000,3,9.381000,1,3.523000,2.785931,34.170854,7.174566,25.847647,0,3.5230352303523116
2019-09-06,sh.603706,19.0000,19.0000,18.6000,18.8800,19.1000,3299715,62010356.0000,3,5.656000,1,-1.151800,2.753841,33.777263,7.091927,25.549925,0,-1.1518324607329933
2019-09-09,sh.603706,18.9800,19.0800,18.7200,19.0200,18.8800,1959670,37129725.0000,3,3.359100,1,0.741500,2.774262,34.027730,7.144516,25.739385,0,0.741525423728806
2019-09-10,sh.603706,19.3000,19.4600,19.0400,19.0800,19.0200,2371863,45598778.0000,3,4.065600,1,0.315500,2.783013,34.135073,7.167054,25.820581,0,0.3154574132492094
2019-09-11,sh.603706,19.0800,19.1800,18.8300,18.8300,19.0800,1669500,31642941.0000,3,2.861700,1,-1.310300,2.746548,33.687811,7.073146,25.482261,0,-1.3102725366876289
2019-09-12,sh.603706,18.7900,19.1400,18.7800,18.9700,18.8300,1259819,23874238.0000,3,2.159500,1,0.743500,2.766969,33.938278,7.125734,25.671721,0,0.743494423791824
2019-09-16,sh.603706,19.3500,19.6600,19.2400,19.3900,18.9700,3291895,63928207.0000,3,5.642600,1,2.214000,2.828230,34.689679,7.283499,26.240098,0,2.2140221402214166
2019-09-17,sh.603706,19.3100,20.5800,19.0300,20.0200,19.3900,6447888,128311410.0000,3,11.052300,1,3.249100,2.920122,35.816780,7.520147,27.092665,0,3.2490974729241895
2019-09-18,sh.603706,19.4500,19.6600,19.1000,19.5000,20.0200,3903886,75963274.0000,3,6.691700,1,-2.597400,2.844275,34.886474,7.324819,26.388959,0,-2.5974025974025983
2019-09-19,sh.603706,19.7800,20.5500,19.4100,20.2800,19.5000,4973411,99458880.0000,3,8.524900,1,4.000000,2.958046,36.281933,7.617812,27.444517,0,4.0000000000000036
2019-09-20,sh.603706,19.9800,20.3300,19.9100,20.0400,20.2800,3018816,60650786.0000,3,5.174600,1,-1.183400,2.923039,35.852561,7.527660,27.119730,0,-1.183431952662728
2019-09-23,sh.603706,20.1500,22.0400,19.6400,21.5000,20.0400,11780108,250766691.0000,3,20.192300,1,7.285400,3.135995,38.464574,8.076082,29.095519,0,7.285429141716571
2019-09-24,sh.603706,20.8700,22.2500,20.6600,21.9400,21.5000,11583350,247134956.0000,3,19.855000,1,2.046500,3.200174,39.251756,8.241360,29.690962,0,2.0465116279069884
2019-09-25,sh.603706,21.6000,23.6800,21.2200,22.5800,21.9400,12890382,291163914.0000,3,22.095400,1,2.917000,3.293524,40.396748,8.481765,30.557061,0,2.917046490428432
2019-09-26,sh.603706,22.5100,24.8000,22.0300,24.5000,22.5800,17030136,406300211.0000,3,29.191400,1,8.503100,3.573576,43.831724,9.202978,33.155359,0,8.503100088573978
2019-09-27,sh.603706,23.9600,24.6500,23.2000,23.2200,24.5000,12518685,298392380.0000,3,21.458300,1,-5.224500,3.386875,41.541740,8.722169,31.423160,0,-5.224489795918375
2019-09-30,sh.603706,22.8800,24.1600,22.2000,22.3600,23.2200,9895098,227823090.0000,3,16.961200,1,-3.703700,3.261435,40.003157,8.399126,30.259340,0,-3.703703703703698
2019-10-08,sh.603706,22.4500,24.4800,21.9100,24.1200,22.3600,10296737,238500093.0000,3,17.649600,1,7.871200,3.518149,43.151885,9.060238,32.641112,0,7.871198568872995
2019-10-09,sh.603706,23.6000,24.9900,23.0300,23.1900,24.1200,12777134,309867360.0000,3,21.901300,1,-3.855700,3.382499,41.488069,8.710900,31.382562,0,-3.8557213930348277
2019-10-10,sh.603706,22.9400,23.9600,22.9400,23.6500,23.1900,9086449,213195717.0000,3,15.575100,1,1.983600,3.449595,42.311032,8.883691,32.005071,0,1.9836136265631632
2019-10-11,sh.603706,23.5600,25.6800,23.2000,25.1900,23.6500,13960338,341268671.0000,3,23.929400,1,6.511600,3.674219,45.066168,9.462163,34.089122,0,6.511627906976747
2019-10-14,sh.603706,24.9000,26.7800,24.7000,25.9600,25.1900,13932991,354532438.0000,3,23.882600,1,3.056800,3.786532,46.443737,9.751400,35.131147,0,3.056768558951961
2019-10-15,sh.603706,25.6300,26.9600,25.4000,25.6000,25.9600,13950555,365990554.0000,3,23.912700,1,-1.386700,3.734022,45.799679,9.616173,34.643967,0,-1.3867488443759624
2019-10-16,sh.603706,25.4000,25.8300,24.5000,24.7600,25.6000,9832332,246336632.0000,3,16.853600,1,-3.281300,3.611500,44.296877,9.300642,33.507211,0,-3.281250000000002
2019-10-17,sh.603706,24.7000,25.4500,24.4000,24.8300,24.7600,7286890,181386878.0000,3,12.490500,1,0.282700,3.621710,44.422110,9.326936,33.601941,0,0.28271405492727997
2019-10-18,sh.603706,24.7000,25.1800,22.8500,22.9600,24.8300,9825000,236109135.0000,3,16.841000,1,-7.531200,3.348951,41.076587,8.624505,31.071308,0,-7.5312122432541155
2019-10-21,sh.603706,22.8500,22.9000,20.6600,20.6600,22.9600,9836307,208014540.0000,3,16.860400,1,-10.017400,3.013473,36.961772,7.760552,27.958764,0,-10.017421602787458
2019-10-22,sh.603706,20.6800,21.1200,20.3000,21.0900,20.6600,6663100,138481940.0000,3,11.421200,1,2.081300,3.076192,37.731064,7.922073,28.540674,0,2.0813165537270084
2019-10-23,sh.603706,20.8600,20.9800,20.2100,20.4200,21.0900,6006108,123869046.0000,3,10.295100,1,-3.176900,2.978466,36.532400,7.670400,27.633977,0,-3.176861071597903
2019-10-24,sh.603706,20.4200,22.0000,20.4200,21.8900,20.4200,10441638,221574080.0000,3,17.898000,1,7.198800,3.192881,39.162304,8.222579,29.623298,0,7.1988246816846235
2019-10-25,sh.603706,21.5100,21.9000,21.1600,21.2700,21.8900,7338776,157265004.0000,3,12.579400,1,-2.832300,3.102447,38.053093,7.989687,28.784264,0,-2.832343535861126
2019-10-28,sh.603706,20.7000,21.5700,20.5000,21.2100,21.2700,5418333,114130931.0000,3,9.287600,1,-0.282100,3.093696,37.945750,7.967149,28.703068,0,-0.2820874471085921
2019-10-29,sh.603706,21.2000,22.1900,21.1500,21.3000,21.2100,7642275,165401349.0000,3,13.099600,1,0.424300,3.106823,38.106764,8.000956,28.824863,0,0.4243281471004279
2019-10-30,sh.603706,21.4900,22.8000,21.3000,22.0300,21.3000,8123088,179545987.0000,3,13.923800,1,3.427200,3.129456,33.556513,7.852068,-222.055403,0,3.4272300469483596
2019-10-31,sh.603706,22.0600,24.1900,21.5700,23.7500,22.0300,12706269,289435398.0000,3,21.779800,1,7.807500,3.373790,36.176449,8.465121,-239.392457,0,7.807535179300951
2019-11-01,sh.603706,23.2000,24.1900,23.0900,23.5700,23.7500,9990683,235228230.0000,3,17.125000,1,-0.757900,3.348220,35.902270,8.400964,-237.578114,0,-0.7578947368421018
2019-11-04,sh.603706,24.1600,24.6600,23.4900,24.3400,23.5700,10472280,252082746.0000,3,17.950500,1,3.266900,3.457602,37.075149,8.675412,-245.339469,0,3.2668646584641525
2019-11-05,sh.603706,23.9800,24.4500,23.6200,23.7100,24.3400,8450577,202063557.0000,3,14.485100,1,-2.588300,3.368108,36.115521,8.450864,-238.989269,0,-2.588331963845514
2019-11-06,sh.603706,23.8600,23.8600,22.7100,22.7800,23.7100,6607482,152592296.0000,3,11.325900,1,-3.922400,3.235997,34.698927,8.119387,-229.615165,0,-3.9223956136651195
2019-11-07,sh.603706,22.8200,22.8800,22.0500,22.4300,22.7800,5276775,118491435.0000,3,9.044900,1,-1.536400,3.186278,34.165800,7.994638,-226.087276,0,-1.5364354697102733
2019-11-08,sh.603706,22.5300,23.4900,22.1100,23.3100,22.4300,7916849,180680093.0000,3,13.570300,1,3.923300,3.311286,35.506233,8.308293,-234.957397,0,3.923316986179226
2019-11-11,sh.603706,22.8300,22.9800,22.1100,22.1100,23.3100,5195154,117409129.0000,3,8.905000,1,-5.148000,3.140821,33.678370,7.880582,-222.861778,0,-5.148005148005142
2019-11-12,sh.603706,21.6200,22.5700,21.6200,22.3000,22.1100,3866302,86070665.0000,3,6.627200,1,0.859300,3.167811,33.967782,7.948303,-224.776917,0,0.8593396653098218
2019-11-13,sh.603706,22.3100,22.3100,21.5000,21.8200,22.3000,3595269,78851270.0000,3,6.162700,1,-2.152500,3.099625,33.236637,7.777218,-219.938670,0,-2.152466367713002
2019-11-14,sh.603706,21.9400,22.6600,21.9400,22.2400,21.8200,4040143,90131271.0000,3,6.925200,1,1.924800,3.159288,33.876389,7.926917,-224.172136,0,1.9248395967002674
2019-11-15,sh.603706,22.0500,22.3800,21.2100,21.3300,22.2400,4392798,95282088.0000,3,7.529700,1,-4.091700,3.030018,32.490260,7.602569,-214.999625,0,-4.091726618705039
2019-11-18,sh.603706,21.6000,22.4800,21.5000,22.4600,21.3300,5600290,123928274.0000,3,9.599500,1,5.297700,3.190540,34.211497,8.005331,-226.389666,0,5.297702766057211
2019-11-19,sh.603706,22.4000,22.9700,22.2000,22.7000,22.4600,5373958,121622334.0000,3,9.211500,1,1.068600,3.224633,34.577070,8.090873,-228.808790,0,1.0685663401602818
2019-11-20,sh.603706,22.4200,22.9000,22.1100,22.6500,22.7000,5553100,124976736.0000,3,9.518600,1,-0.220300,3.217530,34.500909,8.073052,-228.304806,0,-0.22026431718061845
2019-11-21,sh.603706,22.4000,22.6000,21.8200,22.0100,22.6500,4039075,89438257.0000,3,6.923400,1,-2.825600,3.126615,33.526049,7.844939,-221.853809,0,-2.8256070640176434
2019-11-22,sh.603706,22.1000,22.2200,21.1000,21.3000,22.0100,3762100,81401017.0000,3,6.448600,1,-3.225800,3.025757,32.444563,7.591877,-214.697235,0,-3.2258064516129115
2019-11-25,sh.603706,21.3200,21.9900,21.3200,21.5700,21.3000,2962877,64320112.0000,3,5.078700,1,1.267600,3.064111,32.855832,7.688112,-217.418749,0,1.2676056338028152
2019-11-26,sh.603706,21.1500,21.3800,20.5100,20.7900,21.5700,3787092,78606858.0000,3,6.491500,1,-3.616100,2.953309,31.667721,7.410099,-209.556597,0,-3.616133518776088
2019-11-27,sh.603706,20.8900,20.9000,20.1800,20.2700,20.7900,3280877,67235519.0000,3,5.623800,1,-2.501200,2.879441,30.875648,7.224758,-204.315162,0,-2.501202501202504
2019-11-28,sh.603706,20.3000,20.6000,19.7200,20.4500,20.2700,5224900,105357389.0000,3,8.956000,1,0.888000,2.905011,31.149827,7.288914,-206.129505,0,0.8880118401578763
2019-11-29,sh.603706,20.4300,20.5800,20.0900,20.2100,20.4500,2835577,57442809.0000,3,4.860500,1,-1.173600,2.870917,30.784254,7.203372,-203.710381,0,-1.173594132029332
2019-12-02,sh.603706,20.2100,20.2200,19.6700,19.6900,20.2100,2995400,59522666.0000,3,5.134400,1,-2.573000,2.797049,29.992181,7.018031,-198.468946,0,-2.57298367144978
2019-12-03,sh.603706,19.5200,19.8800,19.3000,19.6500,19.6900,3155200,61771877.0000,3,5.408300,1,-0.203200,2.791367,29.931252,7.003773,-198.065759,0,-0.20314880650077471
2019-12-04,sh.603706,19.6300,20.5100,19.4400,20.1800,19.6500,4493777,90191366.0000,3,7.702800,1,2.697200,2.866656,30.738558,7.192679,-203.407991,0,2.697201017811701
2019-12-05,sh.603706,20.4000,20.8800,20.2000,20.4300,20.1800,4537009,93159866.0000,3,7.776900,1,1.238900,2.902169,31.119363,7.281786,-205.927911,0,1.2388503468780954
2019-12-06,sh.603706,20.2000,20.4300,20.0200,20.2500,20.4300,2922586,59046208.0000,3,5.009600,1,-0.881100,2.876600,30.845183,7.217629,-204.113568,0,-0.8810572687224627
2019-12-09,sh.603706,20.2700,20.4900,20.1100,20.4000,20.2500,2494000,50580532.0000,3,4.275000,1,0.740700,2.897908,31.073666,7.271093,-205.625521,0,0.7407407407407307
2019-12-10,sh.603706,20.3600,20.3600,19.8500,20.0300,20.4000,2912900,58399058.0000,3,4.993000,1,-1.813700,2.845348,30.510075,7.139215,-201.896038,0,-1.8137254901960609
2019-12-11,sh.603706,19.9200,20.1900,19.8300,19.9500,20.0300,2072977,41475389.0000,3,3.553300,1,-0.399400,2.833983,30.388218,7.110701,-201.089664,0,-0.3994008986520359
2019-12-12,sh.603706,19.9600,20.2000,19.6400,19.7100,19.9500,2427577,48446096.0000,3,4.161100,1,-1.203000,2.799890,30.022645,7.025159,-198.670540,0,-1.2030075187969835
2019-12-13,sh.603706,19.8900,19.9000,19.5700,19.7500,19.7100,2244000,44295502.0000,3,3.846400,1,0.202900,2.805572,30.083574,7.039416,-199.073727,0,0.20294266869609334
2019-12-16,sh.603706,19.9300,20.2000,19.7100,20.1700,19.7500,3019500,60383501.0000,3,5.175700,1,2.126600,2.865235,30.723326,7.189115,-203.307194,0,2.126582278481015
2019-12-17,sh.603706,20.3900,20.8500,20.2300,20.8200,20.1700,5581991,114920762.0000,3,9.568100,1,3.222600,2.957571,31.713418,7.420792,-209.858987,0,3.222607833415947
2019-12-18,sh.603706,20.6800,20.9500,20.5800,20.6800,20.8200,4261577,88370222.0000,3,7.304800,1,-0.672400,2.937683,31.500167,7.370892,-208.447832,0,-0.672430355427478
2019-12-19,sh.603706,20.6500,21.3000,20.5500,21.2000,20.6800,5444285,114616499.0000,3,9.332100,1,2.514500,3.011551,32.292241,7.556234,-213.689267,0,2.5145067698259194
2019-12-20,sh.603706,21.2000,21.2900,20.8200,20.9100,21.2000,3514732,73750028.0000,3,6.024600,1,-1.367900,2.970355,31.850508,7.452870,-210.766159,0,-1.3679245283018782
2019-12-23,sh.603706,20.8500,20.8500,20.4000,20.5000,20.9100,2633100,54108835.0000,3,4.513400,1,-1.960800,2.912113,31.225988,7.306736,-206.633489,0,-1.9607843137254943
2019-12-24,sh.603706,20.4400,20.7500,20.3900,20.6500,20.5000,1894598,38892822.0000,3,3.247500,1,0.731700,2.933421,31.454471,7.360200,-208.145441,0,0.7317073170731714
2019-12-25,sh.603706,20.5400,20.8300,20.5300,20.6900,20.6500,2415700,49945542.0000,3,4.140800,1,0.193700,2.939104,31.515400,7.374457,-208.548629,0,0.19370460048426796
2019-12-26,sh.603706,20.7000,20.7400,20.3600,20.5800,20.6900,2575578,52772129.0000,3,4.414800,1,-0.531700,2.923478,31.347845,7.335250,-207.439864,0,-0.5316578057032562
2019-12-27,sh.603706,20.5900,20.5900,20.0900,20.1000,20.5800,2961723,60314914.0000,3,5.076700,1,-2.332400,2.855291,30.616700,7.164165,-202.601616,0,-2.3323615160349753
2019-12-30,sh.603706,20.0000,20.0000,19.4100,19.8100,20.1000,2830989,55735670.0000,3,4.852600,1,-1.442800,2.814096,30.174967,7.060802,-199.678508,0,-1.442786069651758
2019-12-31,sh.603706,19.9600,20.2000,19.7800,20.0100,19.8100,1892700,37745968.0000,3,3.244300,1,1.009600,2.842507,30.479611,7.132087,-201.694445,0,1.0095911155981963
2020-01-02,sh.603706,20.1200,20.5000,20.0000,20.4400,20.0100,2590562,52677684.0000,3,4.440500,1,2.148900,2.903590,31.134595,7.285350,-206.028708,0,2.148925537231383
2020-01-03,sh.603706,20.4300,20.8000,20.3500,20.6400,20.4400,3161500,65270789.0000,3,5.419100,1,0.978500,2.932001,31.439239,7.356635,-208.044645,0,0.9784735812133016
2020-01-06,sh.603706,20.7100,22.6800,20.6000,21.6700,20.6400,8431418,180855535.0000,3,14.452300,1,4.990300,3.078317,33.008154,7.723754,-218.426717,0,4.990310077519378
2020-01-07,sh.603706,21.3000,21.4900,21.1800,21.2500,21.6700,4900642,104225422.0000,3,8.400200,1,-1.938200,3.018654,32.368402,7.574055,-214.193251,0,-1.9381633594831693
2020-01-08,sh.603706,21.3800,21.5800,20.7300,21.0300,21.2500,4472790,94684898.0000,3,7.666800,1,-1.035300,2.987402,32.033294,7.495642,-211.975721,0,-1.0352941176470565
2020-01-09,sh.603706,20.7900,21.1000,20.7500,21.0600,21.0300,2875466,60251993.0000,3,4.928800,1,0.142600,2.991664,32.078991,7.506334,-212.278111,0,0.14265335235377208
2020-01-10,sh.603706,21.1600,21.1600,20.6600,20.7600,21.0600,2439050,50742433.0000,3,4.180800,1,-1.424500,2.949047,31.622025,7.399406,-209.254206,0,-1.424501424501412
2020-01-13,sh.603706,20.7600,20.9800,20.6600,20.9700,20.7600,1762216,36737482.0000,3,3.020600,1,1.011600,2.978879,31.941901,7.474256,-211.370940,0,1.011560693641611
2020-01-14,sh.603706,20.9900,21.1800,20.8300,21.0900,20.9700,2698347,56809293.0000,3,4.625200,1,0.572300,2.995925,32.124687,7.517027,-212.580502,0,0.5722460658083017
2020-01-15,sh.603706,21.0900,21.1500,20.5800,20.6500,21.0900,2010000,41710074.0000,3,3.445300,1,-2.086300,2.933421,31.454471,7.360200,-208.145441,0,-2.0862968231389334
2020-01-16,sh.603706,20.7400,20.7900,20.0700,20.1200,20.6500,2620000,53241066.0000,3,4.490900,1,-2.566600,2.858133,30.647165,7.171294,-202.803210,0,-2.566585956416456
2020-01-17,sh.603706,20.2900,20.3300,20.0100,20.1100,20.1200,1351047,27234771.0000,3,2.315800,1,-0.049700,2.856712,30.631933,7.167730,-202.702413,0,-0.04970178926442248
2020-01-20,sh.603706,20.1600,20.1600,19.9100,20.0400,20.1100,1516800,30325019.0000,3,2.599900,1,-0.348100,2.846768,30.525307,7.142780,-201.996835,0,-0.348085529587272
2020-01-21,sh.603706,20.0000,20.0100,19.7100,19.7500,20.0400,1500900,29753600.0000,3,2.572700,1,-1.447100,2.805572,30.083574,7.039416,-199.073727,0,-1.447105788423153
2020-01-22,sh.603706,19.8000,19.8800,19.4500,19.8500,19.7500,1508965,29624468.0000,3,2.586500,1,0.506300,2.819778,30.235896,7.075059,-200.081695,0,0.5063291139240533
2020-01-23,sh.603706,19.9600,20.1000,18.9200,19.1800,19.8500,2083400,40807116.0000,3,3.571200,1,-3.375300,2.724602,29.215339,6.836253,-193.328308,0,-3.375314861460965
2020-02-03,sh.603706,17.2600,17.2600,17.2600,17.2600,19.1800,226400,3907664.0000,3,0.388100,1,-10.010400,2.451857,26.290759,6.151915,-173.975318,0,-10.010427528675692
2020-02-04,sh.603706,15.5300,16.4000,15.5300,16.0700,17.2600,3372677,54182048.0000,3,5.781100,1,-6.894600,2.282813,24.478128,5.727768,-161.980496,0,-6.894553881807653
2020-02-05,sh.603706,16.1000,16.6800,16.1000,16.2800,16.0700,2329477,38162335.0000,3,3.993000,1,1.306800,2.312644,24.798004,5.802617,-164.097229,0,1.306782825140007
2020-02-06,sh.603706,16.3800,16.5500,16.2000,16.4800,16.2800,2319400,37936257.0000,3,3.975700,1,1.228500,2.341055,25.102648,5.873903,-166.113166,0,1.228501228501222
2020-02-07,sh.603706,16.4800,16.6700,16.2800,16.5300,16.4800,2287798,37705526.0000,3,3.921500,1,0.303400,2.348158,25.178809,5.891724,-166.617150,0,0.3033980582524354
2020-02-10,sh.603706,16.4500,16.9400,16.3100,16.9100,16.5300,2195177,36759016.0000,3,3.762800,1,2.298800,2.402138,25.757632,6.027166,-170.447429,0,2.298850574712641
2020-02-11,sh.603706,16.9100,17.5000,16.8000,17.0300,16.9100,2835844,48708916.0000,3,4.860900,1,0.709600,2.419185,25.940418,6.069937,-171.656991,0,0.709639266706108
2020-02-12,sh.603706,17.0500,17.2100,16.8600,17.1600,17.0300,1669900,28491434.0000,3,2.862400,1,0.763400,2.437652,26.138437,6.116272,-172.967350,0,0.7633587786259444
2020-02-13,sh.603706,17.1400,17.3400,16.8400,16.8600,17.1600,1725200,29425939.0000,3,2.957200,1,-1.748200,2.395036,25.681471,6.009345,-169.943445,0,-1.7482517482517501
2020-02-14,sh.603706,16.7800,17.1300,16.3100,17.0300,16.8600,1518000,25701515.0000,3,2.602000,1,1.008300,2.419185,25.940418,6.069937,-171.656991,0,1.0083036773428367
2020-02-17,sh.603706,17.1000,17.4400,17.0900,17.4100,17.0300,2003742,34657345.0000,3,3.434600,1,2.231400,2.473165,26.519241,6.205379,-175.487270,0,2.2313564298297006
2020-02-18,sh.603706,17.5600,17.7700,17.4000,17.7500,17.4100,2667567,47054420.0000,3,4.572500,1,1.952900,2.521464,27.037136,6.326564,-178.914362,0,1.9529006318207864
2020-02-19,sh.603706,17.6600,17.8700,17.5500,17.6500,17.7500,2075500,36778681.0000,3,3.557600,1,-0.563400,2.521464,27.037136,6.326564,-178.914362,0,-0.5633802816901512
2020-02-20,sh.603706,18.0000,18.0000,17.5200,17.8400,17.6500,2147065,38074889.0000,3,3.680300,1,1.076500,2.534249,27.174226,6.358642,-179.821534,0,1.0764872521246582
2020-02-21,sh.603706,17.8000,18.1000,17.7800,18.0400,17.8400,2565880,46009603.0000,3,4.398200,1,1.121100,2.562660,27.478869,6.429927,-181.837470,0,1.1210762331838486
2020-02-24,sh.603706,17.8900,18.0300,17.6700,17.8300,18.0400,2440004,43439694.0000,3,4.182400,1,-1.164100,2.532828,27.158993,6.355078,-179.720737,0,-1.164079822616415
2020-02-25,sh.603706,17.6000,17.6000,16.7200,17.3700,17.8300,3660300,62901392.0000,3,6.274100,1,-2.579900,2.467483,26.458313,6.191122,-175.084083,0,-2.579921480650571
2020-02-26,sh.603706,17.0100,17.7500,16.9400,17.3500,17.3700,2402200,41680365.0000,3,4.117600,1,-0.115100,2.464642,26.427848,6.183993,-174.882489,0,-0.11514104778352907
2020-02-27,sh.603706,17.3500,17.5800,17.1300,17.3500,17.3500,1924600,33282462.0000,3,3.299000,1,0.000000,2.464642,26.427848,6.183993,-174.882489,0,0.0
2020-02-28,sh.603706,16.9500,17.0600,16.2500,16.2500,17.3500,2457882,40850027.0000,3,4.213100,1,-6.340100,2.308382,24.752308,5.791925,-163.794839,0,-6.34005763688762
2020-03-02,sh.603706,16.3900,16.9700,16.3900,16.8500,16.2500,1852657,30906200.0000,3,3.175600,1,3.692300,2.393615,25.666239,6.005780,-169.842648,0,3.692307692307706
2020-03-03,sh.603706,17.1000,17.4600,16.8300,17.1200,16.8500,2182860,37431192.0000,3,3.741600,1,1.602400,2.431970,26.077508,6.102015,-172.564163,0,1.6023738872403603
2020-03-04,sh.603706,17.2000,17.8500,17.0300,17.6000,17.1200,3599264,62876023.0000,3,6.169500,1,2.803700,2.500156,26.808653,6.273100,-177.402410,0,2.8037383177570208
2020-03-05,sh.603706,17.5500,18.0900,17.5100,17.9000,17.6000,4129099,73434729.0000,3,7.077700,1,1.704500,2.542772,27.265619,6.380028,-180.426315,0,1.7045454545454364
2020-03-06,sh.603706,17.7100,18.1800,17.5800,17.9400,17.9000,3399140,60764355.0000,3,5.826500,1,0.223500,2.548454,27.326548,6.394285,-180.829502,0,0.22346368715084886
2020-03-09,sh.603706,17.6200,17.9000,17.3000,17.3900,17.9400,2660532,46649082.0000,3,4.560400,1,-3.065800,2.470324,26.488777,6.198250,-175.285677,0,-3.0657748049052413
2020-03-10,sh.603706,17.0600,17.5200,16.6200,17.5100,17.3900,2839629,48484495.0000,3,4.867400,1,0.690100,2.487371,26.671563,6.241022,-176.495239,0,0.6900517538815487
2020-03-11,sh.603706,17.5100,17.8900,17.3600,17.6000,17.5100,2594600,45958915.0000,3,4.447400,1,0.514000,2.500156,26.808653,6.273100,-177.402410,0,0.5139920045688084
2020-03-12,sh.603706,17.3800,17.3800,16.8900,17.0500,17.6000,1983926,33929340.0000,3,3.400600,1,-3.125000,2.422026,25.970883,6.077066,-171.858585,0,-3.125
2020-03-13,sh.603706,16.3900,16.7000,16.0100,16.5400,17.0500,2520900,41092795.0000,3,4.321100,1,-2.991200,2.349578,25.194041,5.895288,-166.717947,0,-2.9912023460410664
2020-03-16,sh.603706,16.7300,16.7500,16.0100,16.0500,16.5400,1571900,25775552.0000,3,2.694400,1,-2.962500,2.279972,24.447664,5.720639,-161.778902,0,-2.962515114873021
2020-03-17,sh.603706,16.1000,16.2400,15.3000,15.7700,16.0500,2473800,38841129.0000,3,4.240300,1,-1.744500,2.240196,24.021162,5.620840,-158.956591,0,-1.7445482866043638
2020-03-18,sh.603706,15.7800,15.9500,15.3200,15.3300,15.7700,1825900,28623989.0000,3,3.129800,1,-2.790100,2.177692,23.350946,5.464013,-154.521531,0,-2.7901077996195234
2020-03-19,sh.603706,15.3200,15.5500,15.0900,15.3900,15.3300,1682402,25727898.0000,3,2.883800,1,0.391400,2.186216,23.442339,5.485398,-155.126312,0,0.391389432485334
2020-03-20,sh.603706,15.5300,15.8200,15.4200,15.8000,15.3900,1612300,25213555.0000,3,2.763600,1,2.664100,2.244458,24.066859,5.631533,-159.258982,0,2.6640675763482724
2020-03-23,sh.603706,15.2200,15.6400,15.2200,15.2800,15.8000,1139400,17571089.0000,3,1.953000,1,-3.291100,2.170590,23.274785,5.446191,-154.017547,0,-3.2911392405063356
2020-03-24,sh.603706,15.4600,15.6700,15.3000,15.6700,15.2800,1064800,16522626.0000,3,1.825200,1,2.552400,2.225991,23.868841,5.585197,-157.948623,0,2.5523560209424145
2020-03-25,sh.603706,15.9900,16.1500,15.7000,15.9600,15.6700,1583700,25150389.0000,3,2.714600,1,1.850700,2.267187,24.310574,5.688561,-160.871731,0,1.8506700701978351
2020-03-26,sh.603706,15.9600,15.9600,15.5600,15.6000,15.9600,1152000,18122640.0000,3,1.974600,1,-2.255600,2.216047,23.762215,5.560248,-157.243045,0,-2.2556390977443663
2020-03-27,sh.603706,15.8000,15.9400,15.6000,15.6600,15.6000,963600,15196152.0000,3,1.651700,1,0.384600,2.224570,23.853608,5.581633,-157.847826,0,0.38461538461538325
2020-03-30,sh.603706,15.5000,15.5000,15.1400,15.2700,15.6600,991500,15137305.0000,3,1.699500,1,-2.490400,2.169169,23.259553,5.442627,-153.916750,0,-2.490421455938696
2020-03-31,sh.603706,15.5500,15.5500,15.2500,15.4000,15.2700,773902,11917948.0000,3,1.326500,1,0.851300,2.187636,23.457571,5.488962,-155.227109,0,0.8513425016372089
2020-04-01,sh.603706,15.2200,15.4700,15.1800,15.2000,15.4000,726300,11104234.0000,3,1.245000,1,-1.298700,2.159225,23.152928,5.417677,-153.211172,0,-1.2987012987013102
2020-04-02,sh.603706,15.1300,15.9400,15.1100,15.7000,15.2000,1575400,24434711.0000,3,2.700400,1,3.289500,2.230253,23.914537,5.595890,-158.251014,0,3.289473684210531
2020-04-03,sh.603706,15.6900,15.7800,15.3800,15.4400,15.7000,1026840,15978447.0000,3,1.760100,1,-1.656100,2.193318,23.518500,5.503219,-155.630296,0,-1.6560509554140124
2020-04-07,sh.603706,15.6500,15.9300,15.6400,15.8400,15.4400,1607377,25390982.0000,3,2.755200,1,2.590700,2.250140,24.127788,5.645790,-159.662169,0,2.590673575129543
2020-04-08,sh.603706,15.7000,16.1000,15.7000,16.0100,15.8400,1536100,24482159.0000,3,2.633000,1,1.073200,2.274289,24.386735,5.706382,-161.375715,0,1.0732323232323315
2020-04-09,sh.603706,16.0900,16.2800,15.9100,15.9300,16.0100,1514700,24366508.0000,3,2.596300,1,-0.499700,2.262925,24.264877,5.677868,-160.569340,0,-0.4996876951905205
2020-04-10,sh.603706,15.8600,15.8900,15.4800,15.5500,15.9300,1261584,19732879.0000,3,2.162500,1,-2.385400,2.208944,23.686054,5.542426,-156.739061,0,-2.38543628374136
2020-04-13,sh.603706,15.8600,15.9100,15.4200,15.5500,15.5500,1025765,16042197.0000,3,1.758300,1,0.000000,2.208944,23.686054,5.542426,-156.739061,0,0.0
2020-04-14,sh.603706,15.6700,16.0000,15.4800,15.9600,15.5500,1624665,25721797.0000,3,2.784800,1,2.636700,2.267187,24.310574,5.688561,-160.871731,0,2.636655948553046
2020-04-15,sh.603706,15.8200,16.2000,15.8200,15.9500,15.9600,1623240,26002889.0000,3,2.782400,1,-0.062700,2.265766,24.295342,5.684997,-160.770934,0,-0.06265664160401974
2020-04-16,sh.603706,15.9900,16.1500,15.8200,16.1000,15.9500,1333200,21386428.0000,3,2.285200,1,0.940400,2.287074,24.523825,5.738461,-162.282886,0,0.9404388714733702
2020-04-17,sh.603706,16.1500,16.2300,15.9300,15.9800,16.1000,1496100,24045104.0000,3,2.564500,1,-0.745300,2.195624,22.578125,5.660171,26.702119,0,-0.7453416149068359
2020-04-20,sh.603706,15.9500,16.0900,15.8100,16.0500,15.9800,1081300,17259064.0000,3,1.853500,1,0.438000,2.205242,22.677028,5.684965,26.819087,0,0.43804755944931717
2020-04-21,sh.603706,16.0500,16.0500,15.7000,15.8900,16.0500,1001286,15849028.0000,3,1.716300,1,-0.996900,2.183258,22.450965,5.628293,26.551732,0,-0.9968847352024968
2020-04-22,sh.603706,15.8000,16.0700,15.7000,15.9700,15.8900,941000,14927113.0000,3,1.613000,1,0.503500,2.194250,22.563996,5.656629,26.685409,0,0.5034612964128327
2020-04-23,sh.603706,16.0600,16.2200,15.9400,16.1100,15.9700,1686300,27153879.0000,3,2.890500,1,0.876600,2.213486,22.761802,5.706217,26.919345,0,0.8766437069505306
2020-04-24,sh.603706,15.9900,16.1800,15.7600,15.8500,16.1100,1018067,16216086.0000,3,1.745100,1,-1.613900,2.177762,22.394449,5.614125,26.484893,0,-1.6139044072004949
2020-04-27,sh.603706,15.8000,15.9000,15.3900,15.4000,15.8500,1301780,20281805.0000,3,2.231400,1,-2.839100,2.115933,21.758644,5.454733,25.732956,0,-2.8391167192428957
2020-04-28,sh.603706,15.4100,15.4800,14.0000,14.5200,15.4000,1786582,26231384.0000,3,3.062400,1,-5.714300,1.995023,20.515293,5.143034,24.262501,0,-5.714285714285716
2020-04-29,sh.603706,14.5000,14.6700,14.3100,14.6100,14.5200,803302,11714131.0000,3,1.376900,1,0.619800,2.007388,20.642454,5.174912,24.412889,0,0.6198347107438051
2020-04-30,sh.603706,15.8000,16.0700,15.5000,16.0700,14.6100,1796653,28643007.0000,3,3.079600,1,9.993200,2.123702,18.483840,4.065776,-84.403903,0,9.993155373032181
2020-05-06,sh.603706,16.6600,17.4700,16.4300,16.8400,16.0700,7895241,133230296.0000,3,13.533200,1,4.791500,2.225460,19.369500,4.260590,-88.448148,0,4.791537025513382
2020-05-07,sh.603706,16.6500,16.9500,16.5200,16.5700,16.8400,4171702,69711074.0000,3,7.150700,1,-1.603300,2.189779,19.058944,4.192278,-87.030036,0,-1.6033254156769594
2020-05-08,sh.603706,16.5200,16.7600,16.4200,16.5100,16.5700,2852723,47318193.0000,3,4.889900,1,-0.362100,2.181850,18.989932,4.177098,-86.714900,0,-0.36210018105008457
2020-05-11,sh.603706,16.5600,17.3400,16.5300,17.0800,16.5100,5200085,88307316.0000,3,8.913500,1,3.452500,2.257177,19.645550,4.321311,-89.708691,0,3.4524530587522584
2020-05-12,sh.603706,16.8800,17.4800,16.6000,17.4500,17.0800,4545220,77534722.0000,3,7.791000,1,2.166300,2.306074,20.071127,4.414922,-91.652029,0,2.1662763466042234
2020-05-13,sh.603706,17.1800,17.2700,17.0000,17.1100,17.4500,2642964,45241122.0000,3,4.530300,1,-1.948400,2.261142,19.680057,4.328901,-89.866259,0,-1.9484240687679066
2020-05-14,sh.603706,16.9800,16.9800,16.6100,16.7000,17.1100,2388639,40039365.0000,3,4.094400,1,-2.396300,2.206959,19.208471,4.225169,-87.712830,0,-2.396259497369957
2020-05-15,sh.603706,16.7900,16.9700,16.6600,16.8600,16.7000,1779976,29916713.0000,3,3.051100,1,0.958100,2.228103,19.392505,4.265650,-88.553193,0,0.9580838323353325
2020-05-18,sh.603706,17.3300,17.6000,16.9200,17.0000,16.8600,3029620,52267735.0000,3,5.193100,1,0.830400,2.246605,19.553534,4.301070,-89.288510,0,0.8303677342823335
2020-05-19,sh.603706,17.1600,17.3000,16.8200,16.8700,17.0000,2138620,36216070.0000,3,3.665800,1,-0.764700,2.229425,19.404007,4.268180,-88.605716,0,-0.764705882352934
2020-05-20,sh.603706,16.9500,18.5600,16.7800,18.0000,16.8700,7803100,137798236.0000,3,13.375300,1,6.698300,2.378758,20.703742,4.554074,-94.540775,0,6.698280972139892
2020-05-21,sh.603706,17.7500,18.0000,17.3000,17.5000,18.0000,4466800,78575913.0000,3,7.656500,1,-2.777800,2.312681,20.128638,4.427572,-91.914643,0,-2.777777777777779
2020-05-22,sh.603706,17.3300,18.5800,17.1600,18.2700,17.5000,6626133,118610624.0000,3,11.357900,1,4.400000,2.414439,21.014298,4.622385,-95.958887,0,4.400000000000004
2020-05-25,sh.603706,18.1000,19.6600,17.6800,19.0300,18.2700,9449206,178763209.0000,3,16.196900,1,4.159800,2.514876,21.888456,4.814669,-99.950609,0,4.159824849480032
2020-05-26,sh.603706,18.7800,19.4800,18.5800,19.4800,19.0300,6916301,131702419.0000,3,11.855200,1,2.364700,2.574345,22.406049,4.928520,-102.314128,0,2.364687335785587
2020-05-27,sh.603706,19.6500,19.6500,18.6900,18.7800,19.4800,5117596,97180545.0000,3,8.772100,1,-3.593400,2.481837,21.600904,4.751418,-98.637542,0,-3.5934291581108835
2020-05-28,sh.603706,18.5000,18.6800,18.1200,18.4700,18.7800,4149298,76182495.0000,3,7.112300,1,-1.650700,2.440870,21.244339,4.672986,-97.009340,0,-1.6506922257721102
2020-05-29,sh.603706,18.3300,18.5500,18.1900,18.4100,18.4700,2682375,49333822.0000,3,4.597900,1,-0.324800,2.432941,21.175327,4.657806,-96.694204,0,-0.3248511099079532
2020-06-01,sh.603706,18.4300,18.6400,18.0500,18.4700,18.4100,3913954,71854823.0000,3,6.708900,1,0.325900,2.440870,21.244339,4.672986,-97.009340,0,0.32590983161324694
2020-06-02,sh.603706,18.3200,18.4100,18.1300,18.1800,18.4700,2983498,54417338.0000,3,5.114000,1,-1.570100,2.402546,20.910779,4.599615,-95.486183,0,-1.5701136978884644
2020-06-03,sh.603706,18.1800,18.3200,17.8200,17.9000,18.1800,3110600,56011690.0000,3,5.331900,1,-1.540200,2.365543,20.588721,4.528774,-94.015549,0,-1.5401540154015514
2020-06-04,sh.603706,17.8900,18.5400,17.8500,18.3900,17.9000,3593698,65449350.0000,3,6.160000,1,2.737400,2.430298,21.152323,4.652746,-96.589159,0,2.7374301675977764
2020-06-05,sh.603706,18.3900,18.4000,18.0300,18.0300,18.3900,2114500,38336669.0000,3,3.624500,1,-1.957600,2.382723,20.738248,4.561664,-94.698343,0,-1.9575856443719397
2020-06-08,sh.603706,18.1200,18.2600,17.5600,17.5900,18.0300,2197275,39341231.0000,3,3.766400,1,-2.440400,2.324575,20.232156,4.450343,-92.387347,0,-2.4403771491957937
2020-06-09,sh.603706,17.7000,17.9900,17.3300,17.9100,17.5900,1926100,34197192.0000,3,3.301500,1,1.819200,2.366864,20.600223,4.531304,-94.068071,0,1.8192154633314361
2020-06-10,sh.603706,17.7000,17.9600,17.5000,17.5900,17.9100,1608500,28308543.0000,3,2.757100,1,-1.786700,2.324575,20.232156,4.450343,-92.387347,0,-1.7867113344500307
2020-06-11,sh.603706,17.6400,17.7000,17.1100,17.1800,17.5900,2071000,36034983.0000,3,3.549900,1,-2.330900,2.270392,19.760571,4.346611,-90.233918,0,-2.33086981239341
2020-06-12,sh.603706,16.8000,17.1800,16.7500,17.0600,17.1800,1509200,25686573.0000,3,2.586900,1,-0.698500,2.254534,19.622546,4.316250,-89.603646,0,-0.6984866123399325
2020-06-15,sh.603706,17.0000,17.4200,16.9000,17.2300,17.0600,1575000,27200067.0000,3,2.699700,1,0.996500,2.277000,19.818081,4.359261,-90.496531,0,0.9964830011723436
2020-06-16,sh.603706,17.2900,17.4600,17.2600,17.4300,17.2300,1213900,21088906.0000,3,2.080700,1,1.160800,2.303431,20.048123,4.409862,-91.546984,0,1.160766105629718
2020-06-17,sh.603706,17.4100,17.5300,17.1300,17.5000,17.4300,1315875,22819329.0000,3,2.255500,1,0.401600,2.312681,20.128638,4.427572,-91.914643,0,0.40160642570281624
2020-06-18,sh.603706,17.5100,17.7900,17.3500,17.6500,17.5000,1694202,29828581.0000,3,2.904000,1,0.857100,2.332504,20.301169,4.465523,-92.702482,0,0.8571428571428452
2020-06-19,sh.603706,17.5600,18.3600,17.5600,18.1000,17.6500,3170690,57467023.0000,3,5.434900,1,2.549600,2.391973,20.818762,4.579375,-95.066002,0,2.5495750708215414
2020-06-22,sh.603706,18.1200,18.3300,18.0100,18.2700,18.1000,2301451,41832216.0000,3,3.944900,1,0.939200,2.414439,21.014298,4.622385,-95.958887,0,0.9392265193369997
2020-06-23,sh.603706,18.2100,18.4400,17.9000,17.9100,18.2700,1876478,33993318.0000,3,3.216500,1,-1.970400,2.366864,20.600223,4.531304,-94.068071,0,-1.9704433497536922
2020-06-24,sh.603706,18.0100,18.3700,17.8300,18.2300,17.9100,1884800,34077800.0000,3,3.230700,1,1.786700,2.409153,20.968289,4.612265,-95.748796,0,1.7867113344500307
2020-06-29,sh.603706,18.1500,18.4500,18.1500,18.2000,18.2300,2209175,40335767.0000,3,3.786700,1,-0.164600,2.405189,20.933783,4.604675,-95.591228,0,-0.1645639056500392
2020-06-30,sh.603706,17.8000,17.8500,17.4500,17.5600,17.7500,1900700,33426076.0000,3,3.258000,1,-1.070400,2.320611,20.197650,4.442753,-92.229779,0,-3.516483516483515
2020-07-01,sh.603706,17.6300,17.7200,17.2500,17.3700,17.5600,1936775,33825198.0000,3,3.319800,1,-1.082000,2.295501,19.979111,4.394682,-91.231848,0,-1.0820045558086466
2020-07-02,sh.603706,17.4600,18.4000,17.3700,18.2700,17.3700,5657061,102430968.0000,3,9.696800,1,5.181300,2.414439,21.014298,4.622385,-95.958887,0,5.181347150259064
2020-07-03,sh.603706,18.2500,18.3400,18.0500,18.1100,18.2700,2967578,53890304.0000,3,5.086700,1,-0.875800,2.393295,20.830264,4.581905,-95.118525,0,-0.8757525998905336
2020-07-06,sh.603706,18.3200,18.8600,18.1600,18.7500,18.1100,4823171,89678621.0000,3,8.267400,1,3.534000,2.477873,21.566397,4.743827,-98.479974,0,3.5339591385974645
2020-07-07,sh.603706,18.9000,19.5000,18.6600,19.0100,18.7500,5982751,114191282.0000,3,10.255000,1,1.386700,2.512233,21.865451,4.809608,-99.845563,0,1.3866666666666694
2020-07-08,sh.603706,19.0300,19.2700,18.8000,19.1600,19.0100,4584092,87267593.0000,3,7.857600,1,0.789100,2.532056,22.037983,4.847559,-100.633403,0,0.7890583903208848
2020-07-09,sh.603706,19.3000,20.5000,19.2900,20.2700,19.1600,6137182,123100386.0000,3,10.519800,1,5.793300,2.678746,23.314713,5.128394,-106.463418,0,5.79331941544885
2020-07-10,sh.603706,20.0600,20.0600,19.5100,19.5300,20.2700,5121092,101404623.0000,3,8.778100,1,-3.650700,2.580952,22.463560,4.941171,-102.576741,0,-3.650715342871236
2020-07-13,sh.603706,19.5000,21.1000,19.5000,20.8000,19.5300,6305988,128191578.0000,3,10.809100,1,6.502800,2.748787,23.924324,5.262486,-109.247118,0,6.502816180235538
2020-07-14,sh.603706,20.5900,20.9600,20.1100,20.4500,20.8000,4866581,99725177.0000,3,8.341800,1,-1.682700,2.702533,23.521751,5.173934,-107.408825,0,-1.6826923076923128
2020-07-15,sh.603706,20.4000,20.6900,19.4300,19.6600,20.4500,4531952,90266634.0000,3,7.768200,1,-3.863100,2.598132,22.613087,4.974061,-103.259536,0,-3.863080684596576
2020-07-16,sh.603706,19.5900,19.9800,18.7300,18.8100,19.6600,3953700,76580603.0000,3,6.777000,1,-4.323500,2.485802,21.635410,4.759008,-98.795110,0,-4.323499491353012
2020-07-17,sh.603706,18.7900,19.3800,18.5200,19.2800,18.8100,2790100,53305552.0000,3,4.782500,1,2.498700,2.547914,22.176008,4.877920,-101.263675,0,2.4986709197235557
2020-07-20,sh.603706,19.3300,20.1500,19.2900,20.1500,19.2800,4000406,79716807.0000,3,6.857100,1,4.512400,2.662887,23.176688,5.098033,-105.833146,0,4.512448132780067
2020-07-21,sh.603706,20.1500,20.1600,19.8000,19.9400,20.1500,2471900,49318399.0000,3,4.237100,1,-1.042200,2.635135,22.935145,5.044902,-104.730170,0,-1.042183622828774
